x,y,w_r,w_l
0.0400,-0.0600,0.6500,0.6500
0.0465,-0.0637,0.6500,0.6500
0.0527,-0.0664,0.6500,0.6500
0.0584,-0.0682,0.6500,0.6500
0.0638,-0.0691,0.6500,0.6500
0.0688,-0.0692,0.6500,0.6500
0.0735,-0.0685,0.6500,0.6500
0.0780,-0.0672,0.6500,0.6500
0.0822,-0.0653,0.6500,0.6500
0.0862,-0.0629,0.6500,0.6500
0.0900,-0.0600,0.6500,0.6500
0.0937,-0.0567,0.6500,0.6500
0.0972,-0.0531,0.6500,0.6500
0.1006,-0.0493,0.6500,0.6500
0.1039,-0.0453,0.6500,0.6500
0.1072,-0.0411,0.6500,0.6500
0.1105,-0.0370,0.6500,0.6500
0.1138,-0.0328,0.6500,0.6500
0.1171,-0.0288,0.6500,0.6500
0.1205,-0.0249,0.6500,0.6500
0.1239,-0.0212,0.6500,0.6500
0.1276,-0.0178,0.6500,0.6500
0.1313,-0.0148,0.6500,0.6500
0.1353,-0.0123,0.6500,0.6500
0.1394,-0.0102,0.6500,0.6500
0.1438,-0.0088,0.6500,0.6500
0.1484,-0.0078,0.6500,0.6500
0.1532,-0.0073,0.6500,0.6500
0.1581,-0.0071,0.6500,0.6500
0.1632,-0.0073,0.6500,0.6500
0.1684,-0.0077,0.6500,0.6500
0.1736,-0.0082,0.6500,0.6500
0.1788,-0.0088,0.6500,0.6500
0.1841,-0.0094,0.6500,0.6500
0.1893,-0.0099,0.6500,0.6500
0.1945,-0.0103,0.6500,0.6500
0.1996,-0.0106,0.6500,0.6500
0.2046,-0.0107,0.6500,0.6500
0.2096,-0.0108,0.6500,0.6500
0.2146,-0.0107,0.6500,0.6500
0.2196,-0.0106,0.6500,0.6500
0.2245,-0.0105,0.6500,0.6500
0.2295,-0.0103,0.6500,0.6500
0.2344,-0.0102,0.6500,0.6500
0.2393,-0.0100,0.6500,0.6500
0.2443,-0.0099,0.6500,0.6500
0.2493,-0.0098,0.6500,0.6500
0.2543,-0.0098,0.6500,0.6500
0.2593,-0.0098,0.6500,0.6500
0.2643,-0.0098,0.6500,0.6500
0.2693,-0.0098,0.6500,0.6500
0.2743,-0.0099,0.6500,0.6500
0.2793,-0.0099,0.6500,0.6500
0.2843,-0.0100,0.6500,0.6500
0.2893,-0.0100,0.6500,0.6500
0.2944,-0.0100,0.6500,0.6500
0.2994,-0.0100,0.6500,0.6500
0.3044,-0.0101,0.6500,0.6500
0.3094,-0.0101,0.6500,0.6500
0.3144,-0.0101,0.6500,0.6500
0.3194,-0.0100,0.6500,0.6500
0.3244,-0.0100,0.6500,0.6500
0.3294,-0.0100,0.6500,0.6500
0.3344,-0.0100,0.6500,0.6500
0.3394,-0.0100,0.6500,0.6500
0.3444,-0.0100,0.6500,0.6500
0.3494,-0.0100,0.6500,0.6500
0.3544,-0.0100,0.6500,0.6500
0.3594,-0.0100,0.6500,0.6500
0.3644,-0.0100,0.6500,0.6500
0.3694,-0.0100,0.6500,0.6500
0.3744,-0.0100,0.6500,0.6500
0.3794,-0.0100,0.6500,0.6500
0.3844,-0.0100,0.6500,0.6500
0.3894,-0.0100,0.6500,0.6500
0.3944,-0.0100,0.6500,0.6500
0.3994,-0.0100,0.6500,0.6500
0.4044,-0.0100,0.6500,0.6500
0.4094,-0.0100,0.6500,0.6500
0.4144,-0.0100,0.6500,0.6500
0.4194,-0.0100,0.6500,0.6500
0.4244,-0.0100,0.6500,0.6500
0.4294,-0.0100,0.6500,0.6500
0.4344,-0.0100,0.6500,0.6500
0.4394,-0.0100,0.6500,0.6500
0.4444,-0.0100,0.6500,0.6500
0.4494,-0.0100,0.6500,0.6500
0.4544,-0.0100,0.6500,0.6500
0.4594,-0.0100,0.6500,0.6500
0.4644,-0.0100,0.6500,0.6500
0.4694,-0.0100,0.6500,0.6500
0.4744,-0.0100,0.6500,0.6500
0.4794,-0.0100,0.6500,0.6500
0.4844,-0.0100,0.6500,0.6500
0.4894,-0.0100,0.6500,0.6500
0.4944,-0.0100,0.6500,0.6500
0.4994,-0.0100,0.6500,0.6500
0.5044,-0.0100,0.6500,0.6500
0.5094,-0.0100,0.6500,0.6500
0.5144,-0.0100,0.6500,0.6500
0.5194,-0.0100,0.6500,0.6500
0.5244,-0.0100,0.6500,0.6500
0.5294,-0.0100,0.6500,0.6500
0.5344,-0.0100,0.6500,0.6500
0.5394,-0.0100,0.6500,0.6500
0.5444,-0.0100,0.6500,0.6500
0.5494,-0.0100,0.6500,0.6500
0.5544,-0.0100,0.6500,0.6500
0.5594,-0.0100,0.6500,0.6500
0.5644,-0.0100,0.6500,0.6500
0.5694,-0.0100,0.6500,0.6500
0.5744,-0.0100,0.6500,0.6500
0.5794,-0.0100,0.6500,0.6500
0.5844,-0.0100,0.6500,0.6500
0.5894,-0.0100,0.6500,0.6500
0.5944,-0.0100,0.6500,0.6500
0.5994,-0.0100,0.6500,0.6500
0.6044,-0.0100,0.6500,0.6500
0.6094,-0.0100,0.6500,0.6500
0.6144,-0.0100,0.6500,0.6500
0.6194,-0.0100,0.6500,0.6500
0.6244,-0.0100,0.6500,0.6500
0.6294,-0.0100,0.6500,0.6500
0.6344,-0.0100,0.6500,0.6500
0.6394,-0.0100,0.6500,0.6500
0.6444,-0.0100,0.6500,0.6500
0.6494,-0.0100,0.6500,0.6500
0.6544,-0.0100,0.6500,0.6500
0.6594,-0.0100,0.6500,0.6500
0.6644,-0.0100,0.6500,0.6500
0.6694,-0.0100,0.6500,0.6500
0.6744,-0.0100,0.6500,0.6500
0.6794,-0.0100,0.6500,0.6500
0.6844,-0.0100,0.6500,0.6500
0.6894,-0.0100,0.6500,0.6500
0.6944,-0.0100,0.6500,0.6500
0.6994,-0.0100,0.6500,0.6500
0.7044,-0.0100,0.6500,0.6500
0.7094,-0.0100,0.6500,0.6500
0.7144,-0.0100,0.6500,0.6500
0.7194,-0.0100,0.6500,0.6500
0.7244,-0.0100,0.6500,0.6500
0.7294,-0.0100,0.6500,0.6500
0.7344,-0.0100,0.6500,0.6500
0.7394,-0.0100,0.6500,0.6500
0.7444,-0.0100,0.6500,0.6500
0.7494,-0.0100,0.6500,0.6500
0.7544,-0.0100,0.6500,0.6500
0.7594,-0.0100,0.6500,0.6500
0.7644,-0.0100,0.6500,0.6500
0.7694,-0.0100,0.6500,0.6500
0.7744,-0.0100,0.6500,0.6500
0.7794,-0.0100,0.6500,0.6500
0.7844,-0.0100,0.6500,0.6500
0.7894,-0.0100,0.6500,0.6500
0.7944,-0.0100,0.6500,0.6500
0.7995,-0.0100,0.6500,0.6500
0.8045,-0.0100,0.6500,0.6500
0.8095,-0.0100,0.6500,0.6500
0.8145,-0.0100,0.6500,0.6500
0.8195,-0.0100,0.6500,0.6500
0.8245,-0.0100,0.6500,0.6500
0.8295,-0.0100,0.6500,0.6500
0.8345,-0.0100,0.6500,0.6500
0.8395,-0.0100,0.6500,0.6500
0.8445,-0.0100,0.6500,0.6500
0.8495,-0.0100,0.6500,0.6500
0.8545,-0.0100,0.6500,0.6500
0.8595,-0.0100,0.6500,0.6500
0.8645,-0.0100,0.6500,0.6500
0.8695,-0.0100,0.6500,0.6500
0.8745,-0.0100,0.6500,0.6500
0.8795,-0.0100,0.6500,0.6500
0.8845,-0.0100,0.6500,0.6500
0.8895,-0.0100,0.6500,0.6500
0.8945,-0.0100,0.6500,0.6500
0.8995,-0.0100,0.6500,0.6500
0.9045,-0.0100,0.6500,0.6500
0.9095,-0.0100,0.6500,0.6500
0.9145,-0.0100,0.6500,0.6500
0.9195,-0.0100,0.6500,0.6500
0.9245,-0.0100,0.6500,0.6500
0.9295,-0.0100,0.6500,0.6500
0.9345,-0.0100,0.6500,0.6500
0.9395,-0.0100,0.6500,0.6500
0.9445,-0.0100,0.6500,0.6500
0.9495,-0.0100,0.6500,0.6500
0.9545,-0.0100,0.6500,0.6500
0.9595,-0.0100,0.6500,0.6500
0.9645,-0.0100,0.6500,0.6500
0.9695,-0.0100,0.6500,0.6500
0.9745,-0.0100,0.6500,0.6500
0.9795,-0.0100,0.6500,0.6500
0.9845,-0.0100,0.6500,0.6500
0.9895,-0.0100,0.6500,0.6500
0.9945,-0.0100,0.6500,0.6500
0.9995,-0.0100,0.6500,0.6500
1.0045,-0.0100,0.6500,0.6500
1.0095,-0.0100,0.6500,0.6500
1.0145,-0.0100,0.6500,0.6500
1.0195,-0.0100,0.6500,0.6500
1.0245,-0.0100,0.6500,0.6500
1.0295,-0.0100,0.6500,0.6500
1.0345,-0.0100,0.6500,0.6500
1.0395,-0.0100,0.6500,0.6500
1.0445,-0.0100,0.6500,0.6500
1.0495,-0.0100,0.6500,0.6500
1.0545,-0.0100,0.6500,0.6500
1.0595,-0.0100,0.6500,0.6500
1.0645,-0.0100,0.6500,0.6500
1.0695,-0.0100,0.6500,0.6500
1.0745,-0.0100,0.6500,0.6500
1.0795,-0.0100,0.6500,0.6500
1.0845,-0.0100,0.6500,0.6500
1.0895,-0.0100,0.6500,0.6500
1.0945,-0.0100,0.6500,0.6500
1.0995,-0.0100,0.6500,0.6500
1.1045,-0.0100,0.6500,0.6500
1.1095,-0.0100,0.6500,0.6500
1.1145,-0.0100,0.6500,0.6500
1.1195,-0.0100,0.6500,0.6500
1.1245,-0.0100,0.6500,0.6500
1.1295,-0.0100,0.6500,0.6500
1.1345,-0.0100,0.6500,0.6500
1.1395,-0.0100,0.6500,0.6500
1.1445,-0.0100,0.6500,0.6500
1.1495,-0.0100,0.6500,0.6500
1.1545,-0.0100,0.6500,0.6500
1.1595,-0.0100,0.6500,0.6500
1.1645,-0.0100,0.6500,0.6500
1.1695,-0.0100,0.6500,0.6500
1.1745,-0.0100,0.6500,0.6500
1.1795,-0.0100,0.6500,0.6500
1.1845,-0.0100,0.6500,0.6500
1.1895,-0.0100,0.6500,0.6500
1.1945,-0.0100,0.6500,0.6500
1.1995,-0.0100,0.6500,0.6500
1.2045,-0.0100,0.6500,0.6500
1.2095,-0.0100,0.6500,0.6500
1.2145,-0.0100,0.6500,0.6500
1.2195,-0.0100,0.6500,0.6500
1.2245,-0.0100,0.6500,0.6500
1.2295,-0.0100,0.6500,0.6500
1.2345,-0.0100,0.6500,0.6500
1.2395,-0.0100,0.6500,0.6500
1.2445,-0.0100,0.6500,0.6500
1.2495,-0.0100,0.6500,0.6500
1.2545,-0.0100,0.6500,0.6500
1.2595,-0.0100,0.6500,0.6500
1.2645,-0.0100,0.6500,0.6500
1.2695,-0.0100,0.6500,0.6500
1.2745,-0.0100,0.6500,0.6500
1.2795,-0.0100,0.6500,0.6500
1.2846,-0.0100,0.6500,0.6500
1.2896,-0.0100,0.6500,0.6500
1.2946,-0.0100,0.6500,0.6500
1.2996,-0.0100,0.6500,0.6500
1.3046,-0.0100,0.6500,0.6500
1.3096,-0.0100,0.6500,0.6500
1.3146,-0.0100,0.6500,0.6500
1.3196,-0.0100,0.6500,0.6500
1.3246,-0.0100,0.6500,0.6500
1.3296,-0.0100,0.6500,0.6500
1.3346,-0.0100,0.6500,0.6500
1.3396,-0.0100,0.6500,0.6500
1.3446,-0.0100,0.6500,0.6500
1.3496,-0.0100,0.6500,0.6500
1.3546,-0.0100,0.6500,0.6500
1.3596,-0.0100,0.6500,0.6500
1.3646,-0.0100,0.6500,0.6500
1.3696,-0.0100,0.6500,0.6500
1.3746,-0.0100,0.6500,0.6500
1.3796,-0.0100,0.6500,0.6500
1.3846,-0.0100,0.6500,0.6500
1.3896,-0.0100,0.6500,0.6500
1.3946,-0.0100,0.6500,0.6500
1.3996,-0.0100,0.6500,0.6500
1.4046,-0.0100,0.6500,0.6500
1.4096,-0.0100,0.6500,0.6500
1.4146,-0.0100,0.6500,0.6500
1.4196,-0.0100,0.6500,0.6500
1.4246,-0.0100,0.6500,0.6500
1.4296,-0.0100,0.6500,0.6500
1.4346,-0.0100,0.6500,0.6500
1.4396,-0.0100,0.6500,0.6500
1.4446,-0.0100,0.6500,0.6500
1.4496,-0.0100,0.6500,0.6500
1.4546,-0.0100,0.6500,0.6500
1.4596,-0.0100,0.6500,0.6500
1.4646,-0.0100,0.6500,0.6500
1.4696,-0.0100,0.6500,0.6500
1.4746,-0.0100,0.6500,0.6500
1.4796,-0.0100,0.6500,0.6500
1.4846,-0.0100,0.6500,0.6500
1.4896,-0.0100,0.6500,0.6500
1.4946,-0.0100,0.6500,0.6500
1.4996,-0.0100,0.6500,0.6500
1.5046,-0.0100,0.6500,0.6500
1.5096,-0.0100,0.6500,0.6500
1.5146,-0.0100,0.6500,0.6500
1.5196,-0.0100,0.6500,0.6500
1.5246,-0.0100,0.6500,0.6500
1.5296,-0.0100,0.6500,0.6500
1.5346,-0.0100,0.6500,0.6500
1.5396,-0.0100,0.6500,0.6500
1.5446,-0.0100,0.6500,0.6500
1.5496,-0.0100,0.6500,0.6500
1.5546,-0.0100,0.6500,0.6500
1.5596,-0.0100,0.6500,0.6500
1.5646,-0.0100,0.6500,0.6500
1.5696,-0.0100,0.6500,0.6500
1.5746,-0.0100,0.6500,0.6500
1.5796,-0.0100,0.6500,0.6500
1.5846,-0.0100,0.6500,0.6500
1.5896,-0.0100,0.6500,0.6500
1.5946,-0.0100,0.6500,0.6500
1.5996,-0.0100,0.6500,0.6500
1.6046,-0.0100,0.6500,0.6500
1.6096,-0.0100,0.6500,0.6500
1.6146,-0.0100,0.6500,0.6500
1.6196,-0.0100,0.6500,0.6500
1.6246,-0.0100,0.6500,0.6500
1.6296,-0.0100,0.6500,0.6500
1.6346,-0.0100,0.6500,0.6500
1.6396,-0.0100,0.6500,0.6500
1.6446,-0.0100,0.6500,0.6500
1.6496,-0.0100,0.6500,0.6500
1.6546,-0.0100,0.6500,0.6500
1.6596,-0.0100,0.6500,0.6500
1.6646,-0.0100,0.6500,0.6500
1.6696,-0.0100,0.6500,0.6500
1.6746,-0.0100,0.6500,0.6500
1.6796,-0.0100,0.6500,0.6500
1.6846,-0.0100,0.6500,0.6500
1.6896,-0.0100,0.6500,0.6500
1.6946,-0.0100,0.6500,0.6500
1.6996,-0.0100,0.6500,0.6500
1.7046,-0.0100,0.6500,0.6500
1.7096,-0.0100,0.6500,0.6500
1.7146,-0.0100,0.6500,0.6500
1.7196,-0.0100,0.6500,0.6500
1.7246,-0.0100,0.6500,0.6500
1.7296,-0.0100,0.6500,0.6500
1.7346,-0.0100,0.6500,0.6500
1.7396,-0.0100,0.6500,0.6500
1.7446,-0.0100,0.6500,0.6500
1.7496,-0.0100,0.6500,0.6500
1.7546,-0.0100,0.6500,0.6500
1.7596,-0.0100,0.6500,0.6500
1.7646,-0.0100,0.6500,0.6500
1.7696,-0.0100,0.6500,0.6500
1.7747,-0.0100,0.6500,0.6500
1.7797,-0.0100,0.6500,0.6500
1.7847,-0.0100,0.6500,0.6500
1.7897,-0.0100,0.6500,0.6500
1.7947,-0.0100,0.6500,0.6500
1.7997,-0.0100,0.6500,0.6500
1.8047,-0.0100,0.6500,0.6500
1.8097,-0.0100,0.6500,0.6500
1.8147,-0.0100,0.6500,0.6500
1.8197,-0.0100,0.6500,0.6500
1.8247,-0.0100,0.6500,0.6500
1.8297,-0.0100,0.6500,0.6500
1.8347,-0.0100,0.6500,0.6500
1.8397,-0.0100,0.6500,0.6500
1.8447,-0.0100,0.6500,0.6500
1.8497,-0.0100,0.6500,0.6500
1.8547,-0.0100,0.6500,0.6500
1.8596,-0.0100,0.6500,0.6500
1.8646,-0.0099,0.6500,0.6500
1.8696,-0.0099,0.6500,0.6500
1.8746,-0.0099,0.6500,0.6500
1.8797,-0.0099,0.6500,0.6500
1.8847,-0.0100,0.6500,0.6500
1.8897,-0.0100,0.6500,0.6500
1.8947,-0.0100,0.6484,0.6484
1.8997,-0.0101,0.6466,0.6466
1.9047,-0.0101,0.6448,0.6448
1.9098,-0.0102,0.6431,0.6431
1.9148,-0.0102,0.6413,0.6413
1.9198,-0.0102,0.6396,0.6396
1.9248,-0.0102,0.6378,0.6378
1.9298,-0.0102,0.6361,0.6361
1.9347,-0.0101,0.6343,0.6343
1.9397,-0.0100,0.6326,0.6326
1.9446,-0.0099,0.6311,0.6311
1.9495,-0.0097,0.6297,0.6297
1.9545,-0.0095,0.6283,0.6283
1.9594,-0.0093,0.6269,0.6269
1.9644,-0.0092,0.6255,0.6255
1.9693,-0.0091,0.6241,0.6241
1.9743,-0.0091,0.6227,0.6227
1.9794,-0.0093,0.6213,0.6213
1.9845,-0.0095,0.6200,0.6200
1.9897,-0.0100,0.6186,0.6186
1.9949,-0.0106,0.6175,0.6175
2.0002,-0.0112,0.6165,0.6165
2.0055,-0.0120,0.6155,0.6155
2.0108,-0.0126,0.6145,0.6145
2.0160,-0.0131,0.6134,0.6134
2.0211,-0.0133,0.6124,0.6124
2.0260,-0.0132,0.6114,0.6114
2.0308,-0.0127,0.6104,0.6104
2.0354,-0.0117,0.6094,0.6094
2.0398,-0.0101,0.6083,0.6083
2.0438,-0.0079,0.6077,0.6077
2.0477,-0.0051,0.6071,0.6071
2.0513,-0.0018,0.6066,0.6066
2.0548,0.0019,0.6060,0.6060
2.0581,0.0059,0.6054,0.6054
2.0614,0.0101,0.6048,0.6048
2.0646,0.0144,0.6042,0.6042
2.0678,0.0188,0.6036,0.6036
2.0710,0.0230,0.6030,0.6030
2.0744,0.0271,0.6025,0.6025
2.0778,0.0308,0.6019,0.6019
2.0814,0.0343,0.6013,0.6013
2.0852,0.0372,0.6007,0.6007
2.0892,0.0396,0.6001,0.6001
2.0935,0.0414,0.6000,0.6000
2.0980,0.0425,0.6000,0.6000
2.1027,0.0431,0.6000,0.6000
2.1076,0.0433,0.6000,0.6000
2.1127,0.0432,0.6000,0.6000
2.1179,0.0427,0.6000,0.6000
2.1231,0.0421,0.6000,0.6000
2.1284,0.0414,0.6000,0.6000
2.1337,0.0407,0.6000,0.6000
2.1390,0.0401,0.6000,0.6000
2.1442,0.0396,0.6000,0.6000
2.1493,0.0393,0.6000,0.6000
2.1544,0.0392,0.6000,0.6000
2.1594,0.0391,0.6000,0.6000
2.1644,0.0392,0.6000,0.6000
2.1693,0.0393,0.6000,0.6000
2.1743,0.0394,0.6000,0.6000
2.1792,0.0396,0.6000,0.6000
2.1841,0.0398,0.6000,0.6000
2.1890,0.0400,0.6000,0.6000
2.1940,0.0401,0.6000,0.6000
2.1990,0.0402,0.6000,0.6000
2.2039,0.0402,0.6000,0.6000
2.2089,0.0402,0.6000,0.6000
2.2139,0.0402,0.6000,0.6000
2.2190,0.0402,0.6000,0.6000
2.2240,0.0402,0.6000,0.6000
2.2290,0.0401,0.6000,0.6000
2.2340,0.0401,0.6000,0.6000
2.2390,0.0400,0.6000,0.6000
2.2441,0.0400,0.6000,0.6000
2.2491,0.0400,0.6000,0.6000
2.2541,0.0399,0.6000,0.6000
2.2591,0.0399,0.6000,0.6000
2.2641,0.0399,0.6000,0.6000
2.2691,0.0399,0.6000,0.6000
2.2741,0.0400,0.6000,0.6000
2.2791,0.0400,0.6000,0.6000
2.2841,0.0400,0.6000,0.6000
2.2891,0.0400,0.6000,0.6000
2.2940,0.0400,0.6000,0.6000
2.2990,0.0400,0.6000,0.6000
2.3040,0.0400,0.6000,0.6000
2.3090,0.0400,0.6000,0.6000
2.3141,0.0400,0.6000,0.6000
2.3191,0.0400,0.6000,0.6000
2.3241,0.0400,0.6000,0.6000
2.3291,0.0400,0.6000,0.6000
2.3341,0.0400,0.6000,0.6000
2.3391,0.0400,0.6000,0.6000
2.3441,0.0400,0.6002,0.6002
2.3491,0.0400,0.6004,0.6004
2.3541,0.0400,0.6006,0.6006
2.3591,0.0400,0.6008,0.6008
2.3641,0.0400,0.6010,0.6010
2.3691,0.0400,0.6012,0.6012
2.3741,0.0400,0.6014,0.6014
2.3791,0.0400,0.6016,0.6016
2.3841,0.0400,0.6018,0.6018
2.3891,0.0400,0.6020,0.6020
2.3941,0.0400,0.6026,0.6026
2.3991,0.0400,0.6032,0.6032
2.4041,0.0400,0.6038,0.6038
2.4091,0.0400,0.6044,0.6044
2.4141,0.0400,0.6051,0.6051
2.4191,0.0400,0.6057,0.6057
2.4241,0.0400,0.6063,0.6063
2.4291,0.0400,0.6069,0.6069
2.4341,0.0400,0.6075,0.6075
2.4391,0.0400,0.6082,0.6082
2.4441,0.0400,0.6091,0.6091
2.4491,0.0400,0.6101,0.6101
2.4541,0.0400,0.6111,0.6111
2.4591,0.0400,0.6122,0.6122
2.4641,0.0400,0.6132,0.6132
2.4691,0.0400,0.6142,0.6142
2.4741,0.0400,0.6152,0.6152
2.4791,0.0400,0.6162,0.6162
2.4841,0.0400,0.6173,0.6173
2.4891,0.0400,0.6183,0.6183
2.4941,0.0400,0.6176,0.6176
2.4991,0.0400,0.6166,0.6166
2.5041,0.0400,0.6156,0.6156
2.5091,0.0400,0.6146,0.6146
2.5141,0.0400,0.6136,0.6136
2.5191,0.0400,0.6125,0.6125
2.5241,0.0400,0.6115,0.6115
2.5291,0.0400,0.6105,0.6105
2.5341,0.0400,0.6095,0.6095
2.5391,0.0400,0.6085,0.6085
2.5441,0.0400,0.6078,0.6078
2.5491,0.0400,0.6071,0.6071
2.5541,0.0400,0.6065,0.6065
2.5591,0.0400,0.6059,0.6059
2.5641,0.0400,0.6053,0.6053
2.5691,0.0400,0.6047,0.6047
2.5741,0.0400,0.6040,0.6040
2.5791,0.0400,0.6034,0.6034
2.5841,0.0400,0.6028,0.6028
2.5891,0.0400,0.6022,0.6022
2.5941,0.0400,0.6019,0.6019
2.5991,0.0400,0.6017,0.6017
2.6041,0.0400,0.6015,0.6015
2.6091,0.0400,0.6013,0.6013
2.6141,0.0400,0.6011,0.6011
2.6191,0.0400,0.6009,0.6009
2.6241,0.0400,0.6007,0.6007
2.6291,0.0400,0.6005,0.6005
2.6341,0.0400,0.6002,0.6002
2.6391,0.0400,0.6000,0.6000
2.6441,0.0400,0.6000,0.6000
2.6491,0.0400,0.6000,0.6000
2.6541,0.0400,0.6000,0.6000
2.6591,0.0400,0.6000,0.6000
2.6641,0.0401,0.6000,0.6000
2.6691,0.0401,0.6000,0.6000
2.6741,0.0401,0.6000,0.6000
2.6791,0.0401,0.6000,0.6000
2.6841,0.0400,0.6000,0.6000
2.6891,0.0400,0.6000,0.6000
2.6941,0.0400,0.6000,0.6000
2.6992,0.0399,0.6000,0.6000
2.7042,0.0399,0.6000,0.6000
2.7092,0.0398,0.6000,0.6000
2.7142,0.0398,0.6000,0.6000
2.7192,0.0398,0.6000,0.6000
2.7242,0.0398,0.6000,0.6000
2.7292,0.0398,0.6000,0.6000
2.7342,0.0399,0.6000,0.6000
2.7392,0.0400,0.6000,0.6000
2.7441,0.0401,0.6000,0.6000
2.7490,0.0403,0.6000,0.6000
2.7539,0.0405,0.6000,0.6000
2.7589,0.0407,0.6000,0.6000
2.7638,0.0408,0.6000,0.6000
2.7688,0.0409,0.6000,0.6000
2.7738,0.0409,0.6000,0.6000
2.7788,0.0407,0.6000,0.6000
2.7840,0.0405,0.6000,0.6000
2.7891,0.0401,0.6000,0.6000
2.7944,0.0395,0.6000,0.6000
2.7996,0.0388,0.6000,0.6000
2.8049,0.0381,0.6000,0.6000
2.8102,0.0375,0.6000,0.6000
2.8154,0.0370,0.6000,0.6000
2.8205,0.0367,0.6000,0.6000
2.8255,0.0368,0.6000,0.6000
2.8303,0.0372,0.6000,0.6000
2.8349,0.0382,0.6000,0.6000
2.8393,0.0397,0.6000,0.6000
2.8434,0.0418,0.6000,0.6000
2.8473,0.0446,0.6000,0.6000
2.8509,0.0479,0.6000,0.6000
2.8544,0.0515,0.6000,0.6000
2.8578,0.0555,0.6000,0.6000
2.8610,0.0597,0.6000,0.6000
2.8642,0.0640,0.6000,0.6000
2.8675,0.0683,0.6000,0.6000
2.8707,0.0726,0.6000,0.6000
2.8740,0.0766,0.6000,0.6000
2.8774,0.0805,0.6000,0.6000
2.8810,0.0839,0.6000,0.6000
2.8847,0.0869,0.6000,0.6000
2.8887,0.0894,0.6000,0.6000
2.8930,0.0912,0.6000,0.6000
2.8975,0.0924,0.6000,0.6000
2.9022,0.0931,0.6000,0.6000
2.9071,0.0933,0.6000,0.6000
2.9122,0.0932,0.6000,0.6000
2.9173,0.0928,0.6000,0.6000
2.9226,0.0922,0.6000,0.6000
2.9279,0.0915,0.6000,0.6000
2.9331,0.0908,0.6000,0.6000
2.9384,0.0902,0.6000,0.6000
2.9436,0.0897,0.6000,0.6000
2.9487,0.0894,0.6000,0.6000
2.9538,0.0892,0.6000,0.6000
2.9589,0.0891,0.6000,0.6000
2.9638,0.0891,0.6000,0.6000
2.9688,0.0893,0.6000,0.6000
2.9737,0.0894,0.6000,0.6000
2.9787,0.0896,0.6000,0.6000
2.9836,0.0898,0.6000,0.6000
2.9885,0.0900,0.6000,0.6000
2.9935,0.0901,0.6000,0.6000
2.9984,0.0902,0.6000,0.6000
3.0034,0.0902,0.6000,0.6000
3.0084,0.0902,0.6000,0.6000
3.0134,0.0902,0.6000,0.6000
3.0184,0.0902,0.6000,0.6000
3.0234,0.0902,0.6000,0.6000
3.0285,0.0901,0.6000,0.6000
3.0335,0.0901,0.6000,0.6000
3.0385,0.0900,0.6000,0.6000
3.0435,0.0900,0.6000,0.6000
3.0485,0.0900,0.6000,0.6000
3.0535,0.0899,0.6000,0.6000
3.0585,0.0899,0.6000,0.6000
3.0635,0.0899,0.6000,0.6000
3.0685,0.0899,0.6000,0.6000
3.0735,0.0900,0.6000,0.6000
3.0785,0.0900,0.6000,0.6000
3.0835,0.0900,0.6000,0.6000
3.0885,0.0900,0.6000,0.6000
3.0935,0.0900,0.6000,0.6000
3.0985,0.0900,0.6000,0.6000
3.1035,0.0900,0.6000,0.6000
3.1085,0.0900,0.6000,0.6000
3.1135,0.0900,0.6000,0.6000
3.1185,0.0900,0.6000,0.6000
3.1235,0.0900,0.6000,0.6000
3.1285,0.0900,0.6000,0.6000
3.1335,0.0900,0.6000,0.6000
3.1385,0.0900,0.6000,0.6000
3.1435,0.0900,0.6000,0.6000
3.1485,0.0900,0.6000,0.6000
3.1535,0.0900,0.6000,0.6000
3.1585,0.0900,0.6000,0.6000
3.1635,0.0900,0.6000,0.6000
3.1685,0.0900,0.6000,0.6000
3.1735,0.0900,0.6000,0.6000
3.1785,0.0900,0.6000,0.6000
3.1835,0.0900,0.6000,0.6000
3.1885,0.0900,0.6000,0.6000
3.1935,0.0900,0.6000,0.6000
3.1985,0.0900,0.6000,0.6000
3.2035,0.0900,0.6000,0.6000
3.2085,0.0900,0.6000,0.6000
3.2135,0.0900,0.6000,0.6000
3.2185,0.0900,0.6000,0.6000
3.2235,0.0900,0.6000,0.6000
3.2285,0.0900,0.6000,0.6000
3.2335,0.0900,0.6000,0.6000
3.2385,0.0900,0.6000,0.6000
3.2435,0.0900,0.6000,0.6000
3.2485,0.0900,0.6000,0.6000
3.2535,0.0900,0.6000,0.6000
3.2585,0.0900,0.6000,0.6000
3.2635,0.0900,0.6000,0.6000
3.2685,0.0900,0.6000,0.6000
3.2735,0.0900,0.6000,0.6000
3.2785,0.0900,0.6000,0.6000
3.2836,0.0900,0.6000,0.6000
3.2886,0.0900,0.6000,0.6000
3.2936,0.0900,0.6000,0.6000
3.2986,0.0900,0.6000,0.6000
3.3036,0.0900,0.6000,0.6000
3.3086,0.0900,0.6000,0.6000
3.3136,0.0900,0.6000,0.6000
3.3186,0.0900,0.6000,0.6000
3.3236,0.0900,0.6000,0.6000
3.3286,0.0900,0.6000,0.6000
3.3336,0.0900,0.6000,0.6000
3.3386,0.0900,0.6000,0.6000
3.3436,0.0900,0.6000,0.6000
3.3486,0.0900,0.6000,0.6000
3.3536,0.0900,0.6000,0.6000
3.3586,0.0900,0.6000,0.6000
3.3636,0.0900,0.6000,0.6000
3.3686,0.0900,0.6000,0.6000
3.3736,0.0900,0.6000,0.6000
3.3786,0.0900,0.6000,0.6000
3.3836,0.0900,0.6000,0.6000
3.3886,0.0900,0.6000,0.6000
3.3936,0.0900,0.6000,0.6000
3.3986,0.0900,0.6000,0.6000
3.4036,0.0900,0.6000,0.6000
3.4086,0.0900,0.6000,0.6000
3.4136,0.0900,0.6000,0.6000
3.4186,0.0900,0.6000,0.6000
3.4236,0.0900,0.6000,0.6000
3.4286,0.0900,0.6000,0.6000
3.4336,0.0900,0.6000,0.6000
3.4386,0.0900,0.6000,0.6000
3.4436,0.0900,0.6000,0.6000
3.4486,0.0900,0.6000,0.6000
3.4536,0.0900,0.6000,0.6000
3.4586,0.0900,0.6000,0.6000
3.4636,0.0900,0.6000,0.6000
3.4686,0.0900,0.6000,0.6000
3.4736,0.0900,0.6000,0.6000
3.4786,0.0900,0.6000,0.6000
3.4836,0.0900,0.6000,0.6000
3.4886,0.0900,0.6000,0.6000
3.4936,0.0900,0.6000,0.6000
3.4986,0.0900,0.6000,0.6000
3.5036,0.0900,0.6000,0.6000
3.5086,0.0900,0.6000,0.6000
3.5136,0.0900,0.6000,0.6000
3.5186,0.0900,0.6000,0.6000
3.5236,0.0900,0.6000,0.6000
3.5286,0.0900,0.6000,0.6000
3.5336,0.0900,0.6000,0.6000
3.5386,0.0900,0.6000,0.6000
3.5436,0.0900,0.6000,0.6000
3.5486,0.0900,0.6000,0.6000
3.5536,0.0900,0.6000,0.6000
3.5586,0.0900,0.6000,0.6000
3.5636,0.0900,0.6000,0.6000
3.5686,0.0900,0.6000,0.6000
3.5736,0.0900,0.6000,0.6000
3.5786,0.0900,0.6000,0.6000
3.5836,0.0900,0.6000,0.6000
3.5886,0.0900,0.6000,0.6000
3.5936,0.0900,0.6000,0.6000
3.5986,0.0900,0.6000,0.6000
3.6036,0.0900,0.6000,0.6000
3.6086,0.0900,0.6000,0.6000
3.6136,0.0900,0.6000,0.6000
3.6186,0.0900,0.6000,0.6000
3.6236,0.0900,0.6000,0.6000
3.6286,0.0900,0.6000,0.6000
3.6336,0.0900,0.6000,0.6000
3.6386,0.0900,0.6000,0.6000
3.6436,0.0900,0.6000,0.6000
3.6486,0.0900,0.6000,0.6000
3.6536,0.0900,0.6000,0.6000
3.6586,0.0900,0.6000,0.6000
3.6636,0.0900,0.6000,0.6000
3.6686,0.0900,0.6000,0.6000
3.6736,0.0900,0.6000,0.6000
3.6786,0.0900,0.6000,0.6000
3.6836,0.0900,0.6000,0.6000
3.6886,0.0900,0.6000,0.6000
3.6936,0.0900,0.6000,0.6000
3.6986,0.0900,0.6000,0.6000
3.7036,0.0900,0.6000,0.6000
3.7086,0.0900,0.6000,0.6000
3.7136,0.0900,0.6000,0.6000
3.7186,0.0900,0.6000,0.6000
3.7236,0.0900,0.6000,0.6000
3.7286,0.0900,0.6000,0.6000
3.7336,0.0900,0.6000,0.6000
3.7386,0.0900,0.6000,0.6000
3.7436,0.0900,0.6000,0.6000
3.7486,0.0900,0.6000,0.6000
3.7536,0.0900,0.6000,0.6000
3.7586,0.0900,0.6000,0.6000
3.7637,0.0900,0.6000,0.6000
3.7687,0.0900,0.6000,0.6000
3.7737,0.0900,0.6000,0.6000
3.7787,0.0900,0.6000,0.6000
3.7837,0.0900,0.6000,0.6000
3.7887,0.0900,0.6000,0.6000
3.7937,0.0900,0.6000,0.6000
3.7987,0.0900,0.6000,0.6000
3.8037,0.0900,0.6000,0.6000
3.8087,0.0900,0.6000,0.6000
3.8137,0.0900,0.6000,0.6000
3.8187,0.0900,0.6000,0.6000
3.8237,0.0900,0.6000,0.6000
3.8287,0.0900,0.6000,0.6000
3.8337,0.0900,0.6000,0.6000
3.8387,0.0900,0.6000,0.6000
3.8437,0.0900,0.6000,0.6000
3.8487,0.0900,0.6000,0.6000
3.8537,0.0900,0.6000,0.6000
3.8587,0.0900,0.6000,0.6000
3.8637,0.0900,0.6000,0.6000
3.8687,0.0900,0.6000,0.6000
3.8737,0.0900,0.6000,0.6000
3.8787,0.0900,0.6000,0.6000
3.8837,0.0900,0.6000,0.6000
3.8887,0.0900,0.6000,0.6000
3.8937,0.0900,0.6000,0.6000
3.8987,0.0900,0.6000,0.6000
3.9037,0.0900,0.6000,0.6000
3.9087,0.0900,0.6000,0.6000
3.9137,0.0900,0.6000,0.6000
3.9187,0.0900,0.6000,0.6000
3.9237,0.0900,0.6000,0.6000
3.9287,0.0900,0.6000,0.6000
3.9337,0.0900,0.6000,0.6000
3.9387,0.0900,0.6000,0.6000
3.9437,0.0900,0.6000,0.6000
3.9487,0.0900,0.6000,0.6000
3.9537,0.0900,0.6000,0.6000
3.9587,0.0900,0.6000,0.6000
3.9637,0.0900,0.6000,0.6000
3.9687,0.0900,0.6000,0.6000
3.9737,0.0900,0.6000,0.6000
3.9787,0.0900,0.6000,0.6000
3.9837,0.0900,0.6000,0.6000
3.9887,0.0900,0.6000,0.6000
3.9937,0.0900,0.6000,0.6000
3.9987,0.0900,0.6000,0.6000
4.0037,0.0900,0.6000,0.6000
4.0087,0.0900,0.6000,0.6000
4.0137,0.0900,0.6000,0.6000
4.0187,0.0900,0.6000,0.6000
4.0237,0.0900,0.6000,0.6000
4.0287,0.0900,0.6000,0.6000
4.0337,0.0900,0.6000,0.6000
4.0387,0.0900,0.6000,0.6000
4.0437,0.0900,0.6000,0.6000
4.0487,0.0900,0.6000,0.6000
4.0537,0.0900,0.6000,0.6000
4.0587,0.0900,0.6000,0.6000
4.0637,0.0900,0.6000,0.6000
4.0687,0.0900,0.6000,0.6000
4.0737,0.0900,0.6000,0.6000
4.0787,0.0900,0.6000,0.6000
4.0837,0.0900,0.6000,0.6000
4.0887,0.0900,0.6000,0.6000
4.0937,0.0900,0.6000,0.6000
4.0987,0.0900,0.6000,0.6000
4.1037,0.0900,0.6000,0.6000
4.1087,0.0900,0.6000,0.6000
4.1137,0.0900,0.6000,0.6000
4.1187,0.0900,0.6000,0.6000
4.1237,0.0900,0.6000,0.6000
4.1287,0.0900,0.6000,0.6000
4.1337,0.0900,0.6000,0.6000
4.1387,0.0900,0.6000,0.6000
4.1437,0.0900,0.6000,0.6000
4.1487,0.0900,0.6000,0.6000
4.1537,0.0900,0.6000,0.6000
4.1587,0.0900,0.6000,0.6000
4.1637,0.0900,0.6000,0.6000
4.1687,0.0900,0.6000,0.6000
4.1737,0.0900,0.6000,0.6000
4.1787,0.0900,0.6000,0.6000
4.1837,0.0900,0.6000,0.6000
4.1887,0.0900,0.6000,0.6000
4.1937,0.0900,0.6000,0.6000
4.1987,0.0900,0.6000,0.6000
4.2037,0.0900,0.6000,0.6000
4.2087,0.0900,0.6000,0.6000
4.2137,0.0900,0.6000,0.6000
4.2187,0.0900,0.6000,0.6000
4.2237,0.0900,0.6000,0.6000
4.2287,0.0900,0.6000,0.6000
4.2337,0.0900,0.6000,0.6000
4.2387,0.0900,0.6000,0.6000
4.2437,0.0900,0.6000,0.6000
4.2488,0.0900,0.6000,0.6000
4.2538,0.0900,0.6000,0.6000
4.2588,0.0900,0.6000,0.6000
4.2638,0.0900,0.6000,0.6000
4.2688,0.0900,0.6000,0.6000
4.2738,0.0900,0.6000,0.6000
4.2788,0.0900,0.6000,0.6000
4.2838,0.0900,0.6000,0.6000
4.2888,0.0900,0.6000,0.6000
4.2938,0.0900,0.6000,0.6000
4.2988,0.0900,0.6000,0.6000
4.3038,0.0900,0.6000,0.6000
4.3088,0.0900,0.6000,0.6000
4.3138,0.0900,0.6000,0.6000
4.3188,0.0900,0.6000,0.6000
4.3238,0.0900,0.6000,0.6000
4.3288,0.0900,0.6000,0.6000
4.3338,0.0900,0.6000,0.6000
4.3388,0.0900,0.6000,0.6000
4.3438,0.0900,0.6000,0.6000
4.3488,0.0900,0.6000,0.6000
4.3538,0.0900,0.6000,0.6000
4.3588,0.0900,0.6000,0.6000
4.3638,0.0900,0.6000,0.6000
4.3688,0.0900,0.6000,0.6000
4.3738,0.0900,0.6000,0.6000
4.3788,0.0900,0.6000,0.6000
4.3838,0.0900,0.6000,0.6000
4.3888,0.0900,0.6000,0.6000
4.3938,0.0900,0.6000,0.6000
4.3988,0.0900,0.6000,0.6000
4.4038,0.0900,0.6000,0.6000
4.4088,0.0900,0.6000,0.6000
4.4138,0.0900,0.6000,0.6000
4.4188,0.0900,0.6000,0.6000
4.4238,0.0900,0.6000,0.6000
4.4288,0.0900,0.6000,0.6000
4.4338,0.0900,0.6000,0.6000
4.4388,0.0900,0.6000,0.6000
4.4438,0.0900,0.6000,0.6000
4.4488,0.0900,0.6000,0.6000
4.4538,0.0900,0.6000,0.6000
4.4588,0.0900,0.6000,0.6000
4.4638,0.0900,0.6000,0.6000
4.4688,0.0900,0.6000,0.6000
4.4738,0.0900,0.6000,0.6000
4.4788,0.0900,0.6000,0.6000
4.4838,0.0900,0.6000,0.6000
4.4888,0.0900,0.6000,0.6000
4.4938,0.0900,0.6000,0.6000
4.4988,0.0900,0.6000,0.6000
4.5038,0.0900,0.6000,0.6000
4.5088,0.0900,0.6000,0.6000
4.5138,0.0900,0.6000,0.6000
4.5188,0.0900,0.6000,0.6000
4.5238,0.0900,0.6000,0.6000
4.5288,0.0900,0.6000,0.6000
4.5338,0.0900,0.6000,0.6000
4.5388,0.0900,0.6000,0.6000
4.5438,0.0900,0.6000,0.6000
4.5488,0.0900,0.6000,0.6000
4.5538,0.0900,0.6000,0.6000
4.5588,0.0900,0.6000,0.6000
4.5638,0.0900,0.6000,0.6000
4.5688,0.0900,0.6000,0.6000
4.5738,0.0900,0.6000,0.6000
4.5788,0.0900,0.6000,0.6000
4.5838,0.0900,0.6000,0.6000
4.5888,0.0900,0.6000,0.6000
4.5938,0.0900,0.6000,0.6000
4.5988,0.0900,0.6000,0.6000
4.6038,0.0900,0.6000,0.6000
4.6088,0.0900,0.6000,0.6000
4.6138,0.0899,0.6000,0.6000
4.6188,0.0899,0.6000,0.6000
4.6238,0.0899,0.6000,0.6000
4.6288,0.0899,0.6000,0.6000
4.6338,0.0900,0.6000,0.6000
4.6388,0.0900,0.6000,0.6000
4.6438,0.0900,0.6000,0.6000
4.6489,0.0901,0.6000,0.6000
4.6539,0.0901,0.6000,0.6000
4.6589,0.0902,0.6000,0.6000
4.6639,0.0902,0.6000,0.6000
4.6689,0.0902,0.6000,0.6000
4.6739,0.0902,0.6000,0.6000
4.6789,0.0902,0.6000,0.6000
4.6839,0.0901,0.6000,0.6000
4.6889,0.0900,0.6000,0.6000
4.6938,0.0899,0.6000,0.6000
4.6987,0.0897,0.6000,0.6000
4.7036,0.0895,0.6000,0.6000
4.7086,0.0893,0.6000,0.6000
4.7135,0.0892,0.6000,0.6000
4.7185,0.0891,0.6000,0.6000
4.7235,0.0891,0.6000,0.6000
4.7285,0.0892,0.6000,0.6000
4.7336,0.0895,0.6000,0.6000
4.7388,0.0899,0.6000,0.6000
4.7440,0.0904,0.6000,0.6000
4.7493,0.0911,0.6000,0.6000
4.7546,0.0918,0.6000,0.6000
4.7599,0.0925,0.6000,0.6000
4.7651,0.0930,0.6000,0.6000
4.7702,0.0933,0.6000,0.6000
4.7752,0.0932,0.6000,0.6000
4.7800,0.0928,0.6000,0.6000
4.7847,0.0919,0.6000,0.6000
4.7890,0.0904,0.6000,0.6000
4.7932,0.0883,0.6001,0.6001
4.7970,0.0856,0.6003,0.6003
4.8007,0.0823,0.6004,0.6004
4.8042,0.0787,0.6006,0.6006
4.8076,0.0748,0.6007,0.6007
4.8108,0.0706,0.6008,0.6008
4.8140,0.0663,0.6010,0.6010
4.8173,0.0620,0.6011,0.6011
4.8205,0.0577,0.6013,0.6013
4.8238,0.0536,0.6014,0.6014
4.8272,0.0498,0.6016,0.6016
4.8308,0.0463,0.6017,0.6017
4.8345,0.0433,0.6019,0.6019
4.8385,0.0408,0.6020,0.6020
4.8427,0.0389,0.6025,0.6025
4.8472,0.0377,0.6031,0.6031
4.8519,0.0370,0.6037,0.6037
4.8568,0.0367,0.6043,0.6043
4.8618,0.0368,0.6050,0.6050
4.8670,0.0372,0.6056,0.6056
4.8722,0.0378,0.6062,0.6062
4.8775,0.0384,0.6068,0.6068
4.8828,0.0392,0.6074,0.6074
4.8881,0.0398,0.6081,0.6081
4.8933,0.0403,0.6089,0.6089
4.8984,0.0406,0.6099,0.6099
4.9035,0.0408,0.6110,0.6110
4.9085,0.0409,0.6120,0.6120
4.9135,0.0409,0.6130,0.6130
4.9185,0.0408,0.6140,0.6140
4.9234,0.0406,0.6150,0.6150
4.9284,0.0404,0.6161,0.6161
4.9333,0.0402,0.6171,0.6171
4.9382,0.0401,0.6181,0.6181
4.9432,0.0399,0.6194,0.6194
4.9481,0.0398,0.6208,0.6208
4.9531,0.0398,0.6222,0.6222
4.9581,0.0398,0.6236,0.6236
4.9631,0.0398,0.6250,0.6250
4.9681,0.0398,0.6264,0.6264
4.9731,0.0398,0.6278,0.6278
4.9781,0.0399,0.6292,0.6292
4.9832,0.0399,0.6306,0.6306
4.9882,0.0400,0.6320,0.6320
4.9932,0.0400,0.6336,0.6336
4.9982,0.0400,0.6353,0.6353
5.0032,0.0401,0.6371,0.6371
5.0082,0.0401,0.6388,0.6388
5.0132,0.0401,0.6406,0.6406
5.0182,0.0401,0.6424,0.6424
5.0232,0.0400,0.6441,0.6441
5.0282,0.0400,0.6459,0.6459
5.0332,0.0400,0.6476,0.6476
5.0382,0.0400,0.6494,0.6494
5.0432,0.0400,0.6500,0.6500
5.0482,0.0400,0.6500,0.6500
5.0532,0.0400,0.6500,0.6500
5.0582,0.0400,0.6500,0.6500
5.0632,0.0400,0.6500,0.6500
5.0682,0.0400,0.6500,0.6500
5.0732,0.0400,0.6500,0.6500
5.0782,0.0400,0.6500,0.6500
5.0832,0.0400,0.6500,0.6500
5.0882,0.0400,0.6500,0.6500
5.0932,0.0400,0.6500,0.6500
5.0982,0.0400,0.6500,0.6500
5.1032,0.0400,0.6500,0.6500
5.1082,0.0400,0.6500,0.6500
5.1132,0.0400,0.6500,0.6500
5.1182,0.0400,0.6500,0.6500
5.1232,0.0400,0.6500,0.6500
5.1282,0.0400,0.6500,0.6500
5.1332,0.0400,0.6500,0.6500
5.1382,0.0400,0.6500,0.6500
5.1432,0.0400,0.6500,0.6500
5.1482,0.0400,0.6500,0.6500
5.1532,0.0400,0.6500,0.6500
5.1582,0.0400,0.6500,0.6500
5.1632,0.0400,0.6500,0.6500
5.1682,0.0400,0.6500,0.6500
5.1732,0.0400,0.6500,0.6500
5.1782,0.0400,0.6500,0.6500
5.1832,0.0400,0.6500,0.6500
5.1882,0.0400,0.6500,0.6500
5.1932,0.0400,0.6500,0.6500
5.1982,0.0400,0.6500,0.6500
5.2032,0.0400,0.6500,0.6500
5.2082,0.0400,0.6500,0.6500
5.2132,0.0400,0.6500,0.6500
5.2182,0.0400,0.6500,0.6500
5.2232,0.0400,0.6500,0.6500
5.2282,0.0400,0.6500,0.6500
5.2332,0.0400,0.6500,0.6500
5.2382,0.0400,0.6500,0.6500
5.2432,0.0400,0.6500,0.6500
5.2482,0.0400,0.6500,0.6500
5.2533,0.0400,0.6500,0.6500
5.2583,0.0400,0.6500,0.6500
5.2633,0.0400,0.6500,0.6500
5.2683,0.0400,0.6500,0.6500
5.2733,0.0400,0.6500,0.6500
5.2783,0.0400,0.6500,0.6500
5.2833,0.0400,0.6500,0.6500
5.2883,0.0400,0.6500,0.6500
5.2933,0.0400,0.6500,0.6500
5.2983,0.0400,0.6500,0.6500
5.3033,0.0400,0.6500,0.6500
5.3083,0.0400,0.6500,0.6500
5.3133,0.0400,0.6500,0.6500
5.3183,0.0400,0.6500,0.6500
5.3233,0.0400,0.6500,0.6500
5.3283,0.0400,0.6500,0.6500
5.3333,0.0400,0.6500,0.6500
5.3383,0.0400,0.6500,0.6500
5.3433,0.0400,0.6500,0.6500
5.3483,0.0400,0.6500,0.6500
5.3533,0.0400,0.6500,0.6500
5.3583,0.0400,0.6500,0.6500
5.3633,0.0399,0.6500,0.6500
5.3682,0.0399,0.6500,0.6500
5.3733,0.0399,0.6500,0.6500
5.3783,0.0399,0.6500,0.6500
5.3833,0.0400,0.6500,0.6500
5.3883,0.0400,0.6500,0.6500
5.3933,0.0400,0.6500,0.6500
5.3983,0.0401,0.6500,0.6500
5.4033,0.0401,0.6500,0.6500
5.4084,0.0402,0.6500,0.6500
5.4134,0.0402,0.6500,0.6500
5.4184,0.0402,0.6500,0.6500
5.4234,0.0402,0.6500,0.6500
5.4284,0.0402,0.6500,0.6500
5.4333,0.0401,0.6500,0.6500
5.4383,0.0400,0.6500,0.6500
5.4432,0.0399,0.6500,0.6500
5.4482,0.0397,0.6500,0.6500
5.4531,0.0395,0.6500,0.6500
5.4580,0.0394,0.6500,0.6500
5.4630,0.0392,0.6500,0.6500
5.4679,0.0391,0.6500,0.6500
5.4729,0.0391,0.6500,0.6500
5.4780,0.0392,0.6500,0.6500
5.4831,0.0395,0.6500,0.6500
5.4882,0.0398,0.6500,0.6500
5.4935,0.0404,0.6500,0.6500
5.4987,0.0410,0.6500,0.6500
5.5040,0.0418,0.6500,0.6500
5.5093,0.0424,0.6500,0.6500
5.5145,0.0429,0.6500,0.6500
5.5197,0.0433,0.6500,0.6500
5.5247,0.0433,0.6500,0.6500
5.5295,0.0429,0.6500,0.6500
5.5342,0.0420,0.6500,0.6500
5.5386,0.0406,0.6500,0.6500
5.5427,0.0386,0.6523,0.6523
5.5466,0.0359,0.6559,0.6559
5.5503,0.0327,0.6594,0.6594
5.5538,0.0291,0.6630,0.6630
5.5572,0.0252,0.6665,0.6665
5.5605,0.0211,0.6700,0.6700
5.5637,0.0168,0.6736,0.6736
5.5669,0.0125,0.6771,0.6771
5.5701,0.0082,0.6806,0.6806
5.5734,0.0041,0.6842,0.6842
5.5768,0.0002,0.6877,0.6877
5.5804,-0.0033,0.6912,0.6912
5.5841,-0.0064,0.6948,0.6948
5.5880,-0.0090,0.6983,0.6983
5.5922,-0.0109,0.7000,0.7000
5.5967,-0.0123,0.7000,0.7000
5.6014,-0.0130,0.7000,0.7000
5.6062,-0.0133,0.7000,0.7000
5.6113,-0.0133,0.7000,0.7000
5.6164,-0.0129,0.7000,0.7000
5.6216,-0.0124,0.7000,0.7000
5.6269,-0.0117,0.7000,0.7000
5.6322,-0.0110,0.7000,0.7000
5.6375,-0.0103,0.7000,0.7000
5.6427,-0.0097,0.7000,0.7000
5.6479,-0.0093,0.7000,0.7000
5.6530,-0.0091,0.7000,0.7000
5.6581,-0.0089,0.7000,0.7000
5.6631,-0.0089,0.7000,0.7000
5.6680,-0.0090,0.7000,0.7000
5.6730,-0.0091,0.7000,0.7000
5.6779,-0.0094,0.7000,0.7000
5.6828,-0.0096,0.7000,0.7000
5.6877,-0.0099,0.7000,0.7000
5.6926,-0.0101,0.7000,0.7000
5.6975,-0.0104,0.7000,0.7000
5.7024,-0.0107,0.7000,0.7000
5.7073,-0.0109,0.7000,0.7000
5.7122,-0.0110,0.7000,0.7000
5.7172,-0.0111,0.7000,0.7000
5.7222,-0.0110,0.7000,0.7000
5.7273,-0.0109,0.7000,0.7000
5.7324,-0.0106,0.7000,0.7000
5.7375,-0.0102,0.7000,0.7000
5.7428,-0.0097,0.7000,0.7000
5.7481,-0.0090,0.7000,0.7000
5.7534,-0.0083,0.7000,0.7000
5.7586,-0.0076,0.7000,0.7000
5.7639,-0.0070,0.7000,0.7000
5.7690,-0.0067,0.7000,0.7000
5.7740,-0.0067,0.7000,0.7000
5.7789,-0.0070,0.7000,0.7000
5.7836,-0.0078,0.7000,0.7000
5.7880,-0.0092,0.7000,0.7000
5.7922,-0.0111,0.7019,0.7019
5.7961,-0.0137,0.7054,0.7054
5.7998,-0.0168,0.7090,0.7090
5.8034,-0.0204,0.7125,0.7125
5.8067,-0.0243,0.7160,0.7160
5.8100,-0.0284,0.7196,0.7196
5.8133,-0.0327,0.7231,0.7231
5.8165,-0.0370,0.7266,0.7266
5.8197,-0.0413,0.7302,0.7302
5.8230,-0.0454,0.7337,0.7337
5.8264,-0.0493,0.7372,0.7372
5.8299,-0.0529,0.7408,0.7408
5.8336,-0.0561,0.7443,0.7443
5.8375,-0.0587,0.7478,0.7478
5.8417,-0.0607,0.7500,0.7500
5.8461,-0.0621,0.7500,0.7500
5.8507,-0.0630,0.7500,0.7500
5.8556,-0.0633,0.7500,0.7500
5.8606,-0.0633,0.7500,0.7500
5.8657,-0.0630,0.7500,0.7500
5.8710,-0.0624,0.7500,0.7500
5.8762,-0.0618,0.7500,0.7500
5.8815,-0.0611,0.7500,0.7500
5.8868,-0.0604,0.7500,0.7500
5.8921,-0.0598,0.7500,0.7500
5.8972,-0.0594,0.7500,0.7500
5.9023,-0.0591,0.7500,0.7500
5.9074,-0.0590,0.7500,0.7500
5.9124,-0.0589,0.7500,0.7500
5.9174,-0.0590,0.7500,0.7500
5.9223,-0.0591,0.7500,0.7500
5.9273,-0.0593,0.7500,0.7500
5.9322,-0.0596,0.7500,0.7500
5.9370,-0.0598,0.7500,0.7500
5.9419,-0.0601,0.7500,0.7500
5.9468,-0.0604,0.7500,0.7500
5.9517,-0.0606,0.7500,0.7500
5.9566,-0.0608,0.7500,0.7500
5.9616,-0.0610,0.7500,0.7500
5.9665,-0.0611,0.7500,0.7500
5.9715,-0.0611,0.7500,0.7500
5.9766,-0.0609,0.7500,0.7500
5.9817,-0.0607,0.7500,0.7500
5.9869,-0.0603,0.7500,0.7500
5.9921,-0.0598,0.7500,0.7500
5.9974,-0.0591,0.7500,0.7500
6.0027,-0.0584,0.7500,0.7500
6.0080,-0.0577,0.7500,0.7500
6.0132,-0.0571,0.7500,0.7500
6.0183,-0.0567,0.7500,0.7500
6.0234,-0.0566,0.7500,0.7500
6.0283,-0.0569,0.7500,0.7500
6.0330,-0.0577,0.7500,0.7500
6.0374,-0.0589,0.7500,0.7500
6.0417,-0.0608,0.7500,0.7500
6.0456,-0.0634,0.7500,0.7500
6.0493,-0.0664,0.7500,0.7500
6.0529,-0.0699,0.7500,0.7500
6.0563,-0.0738,0.7500,0.7500
6.0596,-0.0779,0.7500,0.7500
6.0628,-0.0821,0.7500,0.7500
6.0661,-0.0865,0.7500,0.7500
6.0693,-0.0907,0.7500,0.7500
6.0726,-0.0949,0.7500,0.7500
6.0759,-0.0989,0.7500,0.7500
6.0794,-0.1025,0.7500,0.7500
6.0831,-0.1057,0.7500,0.7500
6.0870,-0.1084,0.7500,0.7500
6.0911,-0.1105,0.7500,0.7500
6.0955,-0.1119,0.7500,0.7500
6.1001,-0.1128,0.7500,0.7500
6.1050,-0.1133,0.7500,0.7500
6.1100,-0.1133,0.7500,0.7500
6.1151,-0.1130,0.7500,0.7500
6.1203,-0.1125,0.7500,0.7500
6.1256,-0.1118,0.7500,0.7500
6.1309,-0.1111,0.7500,0.7500
6.1361,-0.1104,0.7500,0.7500
6.1414,-0.1099,0.7500,0.7500
6.1465,-0.1095,0.7500,0.7500
6.1516,-0.1092,0.7500,0.7500
6.1567,-0.1091,0.7500,0.7500
6.1617,-0.1091,0.7500,0.7500
6.1667,-0.1092,0.7500,0.7500
6.1716,-0.1093,0.7500,0.7500
6.1765,-0.1095,0.7500,0.7500
6.1814,-0.1097,0.7500,0.7500
6.1864,-0.1099,0.7500,0.7500
6.1913,-0.1100,0.7500,0.7500
6.1963,-0.1101,0.7500,0.7500
6.2012,-0.1102,0.7500,0.7500
6.2062,-0.1102,0.7500,0.7500
6.2112,-0.1102,0.7500,0.7500
6.2162,-0.1102,0.7500,0.7500
6.2213,-0.1102,0.7500,0.7500
6.2263,-0.1101,0.7500,0.7500
6.2313,-0.1101,0.7500,0.7500
6.2363,-0.1100,0.7500,0.7500
6.2413,-0.1100,0.7500,0.7500
6.2464,-0.1100,0.7502,0.7502
6.2514,-0.1099,0.7504,0.7504
6.2564,-0.1099,0.7505,0.7505
6.2614,-0.1099,0.7507,0.7507
6.2664,-0.1099,0.7509,0.7509
6.2714,-0.1100,0.7510,0.7510
6.2764,-0.1100,0.7512,0.7512
6.2814,-0.1100,0.7514,0.7514
6.2863,-0.1100,0.7515,0.7515
6.2913,-0.1100,0.7518,0.7518
6.2963,-0.1100,0.7523,0.7523
6.3013,-0.1100,0.7528,0.7528
6.3063,-0.1100,0.7533,0.7533
6.3113,-0.1100,0.7538,0.7538
6.3163,-0.1100,0.7543,0.7543
6.3213,-0.1100,0.7548,0.7548
6.3264,-0.1100,0.7553,0.7553
6.3314,-0.1100,0.7558,0.7558
6.3364,-0.1100,0.7563,0.7563
6.3414,-0.1100,0.7569,0.7569
6.3464,-0.1100,0.7577,0.7577
6.3514,-0.1100,0.7585,0.7585
6.3564,-0.1100,0.7593,0.7593
6.3614,-0.1100,0.7601,0.7601
6.3664,-0.1100,0.7610,0.7610
6.3714,-0.1100,0.7618,0.7618
6.3764,-0.1100,0.7626,0.7626
6.3814,-0.1100,0.7634,0.7634
6.3864,-0.1100,0.7643,0.7643
6.3914,-0.1100,0.7652,0.7652
6.3964,-0.1100,0.7663,0.7663
6.4014,-0.1100,0.7674,0.7674
6.4064,-0.1100,0.7686,0.7686
6.4114,-0.1100,0.7697,0.7697
6.4164,-0.1100,0.7708,0.7708
6.4214,-0.1100,0.7720,0.7720
6.4264,-0.1100,0.7731,0.7731
6.4314,-0.1100,0.7742,0.7742
6.4364,-0.1100,0.7754,0.7754
6.4414,-0.1100,0.7766,0.7766
6.4464,-0.1100,0.7780,0.7780
6.4514,-0.1100,0.7795,0.7795
6.4564,-0.1100,0.7809,0.7809
6.4614,-0.1100,0.7823,0.7823
6.4664,-0.1100,0.7838,0.7838
6.4714,-0.1100,0.7852,0.7852
6.4764,-0.1100,0.7867,0.7867
6.4814,-0.1100,0.7881,0.7881
6.4864,-0.1100,0.7895,0.7895
6.4914,-0.1100,0.7908,0.7908
6.4964,-0.1100,0.7918,0.7918
6.5014,-0.1100,0.7927,0.7927
6.5064,-0.1100,0.7937,0.7937
6.5114,-0.1100,0.7946,0.7946
6.5164,-0.1100,0.7955,0.7955
6.5214,-0.1100,0.7965,0.7965
6.5264,-0.1100,0.7974,0.7974
6.5314,-0.1100,0.7984,0.7984
6.5364,-0.1100,0.7993,0.7993
6.5414,-0.1100,0.8000,0.8000
6.5464,-0.1100,0.8000,0.8000
6.5514,-0.1100,0.8000,0.8000
6.5564,-0.1100,0.8000,0.8000
6.5614,-0.1100,0.8000,0.8000
6.5664,-0.1100,0.8000,0.8000
6.5714,-0.1100,0.8000,0.8000
6.5764,-0.1100,0.8000,0.8000
6.5814,-0.1100,0.8000,0.8000
6.5864,-0.1100,0.8000,0.8000
6.5914,-0.1100,0.8000,0.8000
6.5964,-0.1100,0.8000,0.8000
6.6014,-0.1100,0.8000,0.8000
6.6064,-0.1100,0.8000,0.8000
6.6114,-0.1100,0.8000,0.8000
6.6164,-0.1100,0.8000,0.8000
6.6214,-0.1100,0.8000,0.8000
6.6264,-0.1100,0.8000,0.8000
6.6314,-0.1100,0.8000,0.8000
6.6364,-0.1100,0.8000,0.8000
6.6414,-0.1100,0.8000,0.8000
6.6464,-0.1100,0.8000,0.8000
6.6514,-0.1100,0.8000,0.8000
6.6564,-0.1100,0.8000,0.8000
6.6614,-0.1100,0.8000,0.8000
6.6664,-0.1100,0.8000,0.8000
6.6714,-0.1100,0.8000,0.8000
6.6764,-0.1100,0.8000,0.8000
6.6814,-0.1100,0.8000,0.8000
6.6864,-0.1100,0.8000,0.8000
6.6914,-0.1100,0.8000,0.8000
6.6964,-0.1100,0.8000,0.8000
6.7014,-0.1100,0.8000,0.8000
6.7064,-0.1100,0.8000,0.8000
6.7114,-0.1100,0.8000,0.8000
6.7164,-0.1100,0.8000,0.8000
6.7214,-0.1100,0.8000,0.8000
6.7264,-0.1100,0.8000,0.8000
6.7314,-0.1100,0.8000,0.8000
6.7364,-0.1100,0.8000,0.8000
6.7414,-0.1100,0.8000,0.8000
6.7464,-0.1100,0.8000,0.8000
6.7514,-0.1100,0.8000,0.8000
6.7564,-0.1100,0.8000,0.8000
6.7614,-0.1100,0.8000,0.8000
6.7664,-0.1100,0.8000,0.8000
6.7714,-0.1100,0.8000,0.8000
6.7764,-0.1100,0.8000,0.8000
6.7814,-0.1100,0.8000,0.8000
6.7864,-0.1100,0.8000,0.8000
6.7914,-0.1100,0.8000,0.8000
6.7965,-0.1100,0.8000,0.8000
6.8015,-0.1100,0.8000,0.8000
6.8065,-0.1100,0.8000,0.8000
6.8115,-0.1100,0.8000,0.8000
6.8165,-0.1100,0.8000,0.8000
6.8215,-0.1100,0.8000,0.8000
6.8265,-0.1100,0.8000,0.8000
6.8315,-0.1100,0.8000,0.8000
6.8365,-0.1100,0.8000,0.8000
6.8415,-0.1100,0.8000,0.8000
6.8465,-0.1100,0.8000,0.8000
6.8515,-0.1100,0.8000,0.8000
6.8565,-0.1100,0.8000,0.8000
6.8615,-0.1100,0.8000,0.8000
6.8665,-0.1100,0.8000,0.8000
6.8715,-0.1100,0.8000,0.8000
6.8765,-0.1100,0.8000,0.8000
6.8815,-0.1100,0.8000,0.8000
6.8865,-0.1100,0.8000,0.8000
6.8915,-0.1100,0.8000,0.8000
6.8965,-0.1100,0.8000,0.8000
6.9015,-0.1100,0.8000,0.8000
6.9065,-0.1100,0.8000,0.8000
6.9115,-0.1100,0.8000,0.8000
6.9165,-0.1100,0.8000,0.8000
6.9215,-0.1100,0.8000,0.8000
6.9265,-0.1100,0.8000,0.8000
6.9315,-0.1100,0.8000,0.8000
6.9365,-0.1100,0.8000,0.8000
6.9415,-0.1100,0.8000,0.8000
6.9465,-0.1100,0.8000,0.8000
6.9515,-0.1100,0.8000,0.8000
6.9565,-0.1100,0.8000,0.8000
6.9615,-0.1100,0.8000,0.8000
6.9665,-0.1100,0.8000,0.8000
6.9715,-0.1100,0.8000,0.8000
6.9765,-0.1100,0.8000,0.8000
6.9815,-0.1100,0.8000,0.8000
6.9865,-0.1100,0.8000,0.8000
6.9915,-0.1100,0.8000,0.8000
6.9965,-0.1100,0.8000,0.8000
7.0015,-0.1100,0.8000,0.8000
7.0065,-0.1100,0.8000,0.8000
7.0115,-0.1100,0.8000,0.8000
7.0165,-0.1100,0.8000,0.8000
7.0215,-0.1100,0.8000,0.8000
7.0265,-0.1100,0.8000,0.8000
7.0315,-0.1100,0.8000,0.8000
7.0365,-0.1100,0.8000,0.8000
7.0415,-0.1100,0.8000,0.8000
7.0465,-0.1100,0.8000,0.8000
7.0515,-0.1100,0.8000,0.8000
7.0565,-0.1100,0.8000,0.8000
7.0615,-0.1100,0.8000,0.8000
7.0665,-0.1100,0.8000,0.8000
7.0715,-0.1100,0.8000,0.8000
7.0765,-0.1100,0.8000,0.8000
7.0815,-0.1100,0.8000,0.8000
7.0865,-0.1100,0.8000,0.8000
7.0915,-0.1100,0.8000,0.8000
7.0965,-0.1100,0.8000,0.8000
7.1015,-0.1100,0.8000,0.8000
7.1065,-0.1100,0.8000,0.8000
7.1115,-0.1101,0.8000,0.8000
7.1165,-0.1101,0.8000,0.8000
7.1215,-0.1101,0.8000,0.8000
7.1265,-0.1101,0.8000,0.8000
7.1315,-0.1100,0.8000,0.8000
7.1365,-0.1100,0.8000,0.8000
7.1415,-0.1100,0.8000,0.8000
7.1465,-0.1099,0.8000,0.8000
7.1516,-0.1099,0.8000,0.8000
7.1566,-0.1098,0.8000,0.8000
7.1616,-0.1098,0.8000,0.8000
7.1666,-0.1098,0.8000,0.8000
7.1716,-0.1098,0.8000,0.8000
7.1766,-0.1098,0.8000,0.8000
7.1816,-0.1098,0.8000,0.8000
7.1866,-0.1099,0.8000,0.8000
7.1915,-0.1100,0.8000,0.8000
7.1964,-0.1102,0.8000,0.8000
7.2014,-0.1104,0.8000,0.8000
7.2063,-0.1106,0.8000,0.8000
7.2112,-0.1107,0.8000,0.8000
7.2162,-0.1109,0.8000,0.8000
7.2212,-0.1109,0.8000,0.8000
7.2262,-0.1108,0.8000,0.8000
7.2313,-0.1106,0.8000,0.8000
7.2364,-0.1103,0.8000,0.8000
7.2416,-0.1098,0.8000,0.8000
7.2469,-0.1092,0.8000,0.8000
7.2522,-0.1085,0.8000,0.8000
7.2575,-0.1078,0.8000,0.8000
7.2627,-0.1072,0.8000,0.8000
7.2679,-0.1068,0.8000,0.8000
7.2729,-0.1067,0.8000,0.8000
7.2778,-0.1069,0.8000,0.8000
7.2825,-0.1076,0.8000,0.8000
7.2870,-0.1088,0.8000,0.8000
7.2913,-0.1106,0.8011,0.8011
7.2953,-0.1131,0.8046,0.8046
7.2990,-0.1161,0.8082,0.8082
7.3026,-0.1196,0.8117,0.8117
7.3060,-0.1234,0.8152,0.8152
7.3093,-0.1275,0.8188,0.8188
7.3126,-0.1317,0.8223,0.8223
7.3158,-0.1360,0.8259,0.8259
7.3190,-0.1403,0.8294,0.8294
7.3223,-0.1445,0.8329,0.8329
7.3256,-0.1485,0.8365,0.8365
7.3291,-0.1522,0.8400,0.8400
7.3328,-0.1554,0.8435,0.8435
7.3366,-0.1582,0.8471,0.8471
7.3407,-0.1603,0.8500,0.8500
7.3451,-0.1618,0.8500,0.8500
7.3497,-0.1628,0.8500,0.8500
7.3545,-0.1632,0.8500,0.8500
7.3595,-0.1633,0.8500,0.8500
7.3646,-0.1630,0.8500,0.8500
7.3698,-0.1625,0.8500,0.8500
7.3751,-0.1619,0.8500,0.8500
7.3804,-0.1612,0.8500,0.8500
7.3857,-0.1605,0.8500,0.8500
7.3909,-0.1599,0.8500,0.8500
7.3961,-0.1595,0.8500,0.8500
7.4012,-0.1593,0.8500,0.8500
7.4062,-0.1591,0.8500,0.8500
7.4112,-0.1591,0.8500,0.8500
7.4162,-0.1592,0.8500,0.8500
7.4212,-0.1593,0.8500,0.8500
7.4261,-0.1595,0.8500,0.8500
7.4310,-0.1597,0.8500,0.8500
7.4359,-0.1599,0.8500,0.8500
7.4409,-0.1600,0.8500,0.8500
7.4458,-0.1601,0.8500,0.8500
7.4508,-0.1602,0.8500,0.8500
7.4558,-0.1602,0.8500,0.8500
7.4608,-0.1602,0.8500,0.8500
7.4658,-0.1602,0.8500,0.8500
7.4708,-0.1602,0.8500,0.8500
7.4758,-0.1601,0.8500,0.8500
7.4809,-0.1601,0.8500,0.8500
7.4859,-0.1600,0.8500,0.8500
7.4909,-0.1600,0.8500,0.8500
7.4959,-0.1600,0.8500,0.8500
7.5009,-0.1599,0.8500,0.8500
7.5059,-0.1599,0.8500,0.8500
7.5109,-0.1599,0.8500,0.8500
7.5159,-0.1599,0.8500,0.8500
7.5209,-0.1600,0.8500,0.8500
7.5259,-0.1600,0.8500,0.8500
7.5309,-0.1600,0.8500,0.8500
7.5359,-0.1600,0.8500,0.8500
7.5409,-0.1600,0.8500,0.8500
7.5459,-0.1600,0.8500,0.8500
7.5509,-0.1600,0.8500,0.8500
7.5559,-0.1600,0.8500,0.8500
7.5609,-0.1600,0.8500,0.8500
7.5659,-0.1600,0.8500,0.8500
7.5709,-0.1600,0.8500,0.8500
7.5759,-0.1600,0.8500,0.8500
7.5809,-0.1600,0.8500,0.8500
7.5859,-0.1600,0.8500,0.8500
7.5909,-0.1600,0.8500,0.8500
7.5959,-0.1600,0.8500,0.8500
7.6009,-0.1600,0.8500,0.8500
7.6059,-0.1600,0.8500,0.8500
7.6109,-0.1600,0.8500,0.8500
7.6159,-0.1600,0.8500,0.8500
7.6209,-0.1600,0.8500,0.8500
7.6259,-0.1600,0.8500,0.8500
7.6309,-0.1600,0.8500,0.8500
7.6359,-0.1600,0.8500,0.8500
7.6409,-0.1600,0.8500,0.8500
7.6459,-0.1600,0.8500,0.8500
7.6509,-0.1600,0.8500,0.8500
7.6559,-0.1600,0.8500,0.8500
7.6609,-0.1600,0.8500,0.8500
7.6659,-0.1600,0.8500,0.8500
7.6709,-0.1600,0.8500,0.8500
7.6759,-0.1600,0.8500,0.8500
7.6809,-0.1600,0.8500,0.8500
7.6859,-0.1600,0.8500,0.8500
7.6909,-0.1600,0.8500,0.8500
7.6959,-0.1600,0.8500,0.8500
7.7009,-0.1600,0.8500,0.8500
7.7059,-0.1600,0.8500,0.8500
7.7109,-0.1600,0.8500,0.8500
7.7159,-0.1600,0.8500,0.8500
7.7209,-0.1600,0.8500,0.8500
7.7259,-0.1600,0.8500,0.8500
7.7309,-0.1600,0.8500,0.8500
7.7359,-0.1600,0.8500,0.8500
7.7409,-0.1600,0.8500,0.8500
7.7459,-0.1600,0.8500,0.8500
7.7509,-0.1600,0.8500,0.8500
7.7559,-0.1600,0.8500,0.8500
7.7609,-0.1600,0.8500,0.8500
7.7659,-0.1600,0.8500,0.8500
7.7709,-0.1600,0.8500,0.8500
7.7759,-0.1600,0.8500,0.8500
7.7809,-0.1600,0.8500,0.8500
7.7859,-0.1600,0.8500,0.8500
7.7910,-0.1600,0.8500,0.8500
7.7960,-0.1600,0.8500,0.8500
7.8010,-0.1600,0.8500,0.8500
7.8060,-0.1600,0.8500,0.8500
7.8110,-0.1600,0.8500,0.8500
7.8160,-0.1600,0.8500,0.8500
7.8210,-0.1600,0.8500,0.8500
7.8260,-0.1600,0.8500,0.8500
7.8310,-0.1600,0.8500,0.8500
7.8360,-0.1600,0.8500,0.8500
7.8410,-0.1600,0.8500,0.8500
7.8460,-0.1600,0.8500,0.8500
7.8510,-0.1600,0.8500,0.8500
7.8559,-0.1600,0.8500,0.8500
7.8609,-0.1601,0.8500,0.8500
7.8659,-0.1601,0.8500,0.8500
7.8709,-0.1601,0.8500,0.8500
7.8759,-0.1601,0.8500,0.8500
7.8809,-0.1600,0.8500,0.8500
7.8860,-0.1600,0.8500,0.8500
7.8910,-0.1600,0.8500,0.8500
7.8960,-0.1599,0.8500,0.8500
7.9010,-0.1599,0.8500,0.8500
7.9060,-0.1598,0.8500,0.8500
7.9111,-0.1598,0.8500,0.8500
7.9161,-0.1598,0.8500,0.8500
7.9211,-0.1598,0.8500,0.8500
7.9261,-0.1598,0.8500,0.8500
7.9311,-0.1598,0.8500,0.8500
7.9360,-0.1599,0.8500,0.8500
7.9410,-0.1600,0.8500,0.8500
7.9459,-0.1602,0.8500,0.8500
7.9508,-0.1604,0.8500,0.8500
7.9557,-0.1606,0.8500,0.8500
7.9607,-0.1607,0.8500,0.8500
7.9656,-0.1608,0.8500,0.8500
7.9706,-0.1609,0.8500,0.8500
7.9756,-0.1608,0.8500,0.8500
7.9807,-0.1607,0.8500,0.8500
7.9858,-0.1604,0.8500,0.8500
7.9910,-0.1599,0.8500,0.8500
7.9963,-0.1593,0.8500,0.8500
8.0016,-0.1586,0.8500,0.8500
8.0069,-0.1579,0.8500,0.8500
8.0121,-0.1573,0.8500,0.8500
8.0173,-0.1568,0.8500,0.8500
8.0224,-0.1567,0.8500,0.8500
8.0273,-0.1569,0.8500,0.8500
8.0320,-0.1575,0.8500,0.8500
8.0366,-0.1587,0.8500,0.8500
8.0408,-0.1604,0.8507,0.8507
8.0448,-0.1628,0.8542,0.8542
8.0486,-0.1657,0.8578,0.8578
8.0522,-0.1692,0.8613,0.8613
8.0556,-0.1729,0.8649,0.8649
8.0590,-0.1770,0.8684,0.8684
8.0622,-0.1812,0.8719,0.8719
8.0654,-0.1856,0.8755,0.8755
8.0686,-0.1899,0.8790,0.8790
8.0719,-0.1941,0.8825,0.8825
8.0752,-0.1981,0.8861,0.8861
8.0787,-0.2018,0.8896,0.8896
8.0823,-0.2051,0.8931,0.8931
8.0862,-0.2079,0.8967,0.8967
8.0903,-0.2101,0.9000,0.9000
8.0946,-0.2117,0.9000,0.9000
8.0992,-0.2127,0.9000,0.9000
8.1040,-0.2132,0.9000,0.9000
8.1089,-0.2133,0.9000,0.9000
8.1140,-0.2131,0.9000,0.9000
8.1192,-0.2126,0.9000,0.9000
8.1245,-0.2119,0.9000,0.9000
8.1298,-0.2112,0.9000,0.9000
8.1351,-0.2106,0.9000,0.9000
8.1403,-0.2100,0.9000,0.9000
8.1455,-0.2095,0.9000,0.9000
8.1506,-0.2093,0.9000,0.9000
8.1557,-0.2091,0.9000,0.9000
8.1607,-0.2091,0.9000,0.9000
8.1657,-0.2092,0.9000,0.9000
8.1706,-0.2093,0.9000,0.9000
8.1755,-0.2095,0.9000,0.9000
8.1805,-0.2097,0.9000,0.9000
8.1854,-0.2099,0.9000,0.9000
8.1903,-0.2100,0.9000,0.9000
8.1953,-0.2101,0.9000,0.9000
8.2003,-0.2102,0.9000,0.9000
8.2052,-0.2102,0.9000,0.9000
8.2102,-0.2102,0.9000,0.9000
8.2152,-0.2102,0.9000,0.9000
8.2203,-0.2102,0.9000,0.9000
8.2253,-0.2101,0.9000,0.9000
8.2303,-0.2101,0.9000,0.9000
8.2353,-0.2100,0.9000,0.9000
8.2403,-0.2100,0.9000,0.9000
8.2453,-0.2100,0.9000,0.9000
8.2503,-0.2100,0.9000,0.9000
8.2553,-0.2100,0.9000,0.9000
8.2603,-0.2100,0.9000,0.9000
8.2653,-0.2100,0.9000,0.9000
8.2703,-0.2100,0.9000,0.9000
8.2753,-0.2100,0.9000,0.9000
8.2803,-0.2100,0.9000,0.9000
8.2853,-0.2100,0.9000,0.9000
8.2903,-0.2100,0.9000,0.9000
8.2954,-0.2100,0.9000,0.9000
8.3004,-0.2099,0.9000,0.9000
8.3054,-0.2099,0.9000,0.9000
8.3104,-0.2098,0.9000,0.9000
8.3154,-0.2098,0.9000,0.9000
8.3204,-0.2098,0.9000,0.9000
8.3254,-0.2098,0.9000,0.9000
8.3304,-0.2098,0.9000,0.9000
8.3354,-0.2099,0.9000,0.9000
8.3404,-0.2100,0.9000,0.9000
8.3453,-0.2102,0.9000,0.9000
8.3502,-0.2104,0.9000,0.9000
8.3551,-0.2105,0.9000,0.9000
8.3601,-0.2107,0.9000,0.9000
8.3650,-0.2108,0.9000,0.9000
8.3700,-0.2109,0.9000,0.9000
8.3750,-0.2108,0.9000,0.9000
8.3801,-0.2107,0.9000,0.9000
8.3852,-0.2104,0.9000,0.9000
8.3904,-0.2100,0.9000,0.9000
8.3956,-0.2094,0.9000,0.9000
8.4009,-0.2087,0.9000,0.9000
8.4062,-0.2080,0.9000,0.9000
8.4115,-0.2073,0.9000,0.9000
8.4167,-0.2069,0.9000,0.9000
8.4217,-0.2067,0.9000,0.9000
8.4267,-0.2068,0.9000,0.9000
8.4315,-0.2074,0.9000,0.9000
8.4360,-0.2085,0.9000,0.9000
8.4403,-0.2101,0.9003,0.9003
8.4444,-0.2125,0.9038,0.9038
8.4482,-0.2154,0.9073,0.9073
8.4518,-0.2187,0.9109,0.9109
8.4552,-0.2225,0.9144,0.9144
8.4586,-0.2265,0.9179,0.9179
8.4618,-0.2307,0.9215,0.9215
8.4650,-0.2350,0.9250,0.9250
8.4682,-0.2393,0.9286,0.9286
8.4715,-0.2436,0.9321,0.9321
8.4748,-0.2476,0.9356,0.9356
8.4783,-0.2513,0.9392,0.9392
8.4819,-0.2547,0.9427,0.9427
8.4857,-0.2576,0.9462,0.9462
8.4897,-0.2599,0.9498,0.9498
8.4940,-0.2615,0.9500,0.9500
8.4986,-0.2626,0.9500,0.9500
8.5034,-0.2632,0.9500,0.9500
8.5083,-0.2633,0.9500,0.9500
8.5134,-0.2631,0.9500,0.9500
8.5186,-0.2627,0.9500,0.9500
8.5238,-0.2620,0.9500,0.9500
8.5291,-0.2613,0.9500,0.9500
8.5344,-0.2606,0.9500,0.9500
8.5397,-0.2600,0.9500,0.9500
8.5449,-0.2596,0.9500,0.9500
8.5500,-0.2593,0.9500,0.9500
8.5550,-0.2592,0.9500,0.9500
8.5601,-0.2591,0.9500,0.9500
8.5650,-0.2592,0.9500,0.9500
8.5700,-0.2593,0.9500,0.9500
8.5749,-0.2595,0.9500,0.9500
8.5798,-0.2596,0.9500,0.9500
8.5848,-0.2598,0.9500,0.9500
8.5897,-0.2600,0.9500,0.9500
8.5947,-0.2601,0.9500,0.9500
8.5996,-0.2602,0.9500,0.9500
8.6046,-0.2602,0.9500,0.9500
8.6096,-0.2602,0.9500,0.9500
8.6146,-0.2602,0.9500,0.9500
8.6196,-0.2602,0.9500,0.9500
8.6246,-0.2601,0.9500,0.9500
8.6297,-0.2601,0.9500,0.9500
8.6347,-0.2600,0.9500,0.9500
8.6397,-0.2600,0.9500,0.9500
8.6447,-0.2600,0.9500,0.9500
8.6497,-0.2600,0.9500,0.9500
8.6547,-0.2599,0.9500,0.9500
8.6597,-0.2599,0.9500,0.9500
8.6647,-0.2599,0.9500,0.9500
8.6697,-0.2600,0.9500,0.9500
8.6747,-0.2600,0.9500,0.9500
8.6797,-0.2600,0.9500,0.9500
8.6847,-0.2600,0.9500,0.9500
8.6897,-0.2600,0.9500,0.9500
8.6947,-0.2600,0.9500,0.9500
8.6997,-0.2600,0.9500,0.9500
8.7047,-0.2600,0.9500,0.9500
8.7097,-0.2600,0.9500,0.9500
8.7147,-0.2600,0.9500,0.9500
8.7197,-0.2600,0.9500,0.9500
8.7247,-0.2600,0.9500,0.9500
8.7297,-0.2600,0.9500,0.9500
8.7347,-0.2600,0.9500,0.9500
8.7397,-0.2600,0.9500,0.9500
8.7447,-0.2600,0.9500,0.9500
8.7497,-0.2600,0.9500,0.9500
8.7547,-0.2600,0.9500,0.9500
8.7597,-0.2600,0.9500,0.9500
8.7647,-0.2601,0.9500,0.9500
8.7697,-0.2601,0.9500,0.9500
8.7747,-0.2601,0.9500,0.9500
8.7797,-0.2600,0.9500,0.9500
8.7847,-0.2600,0.9500,0.9500
8.7897,-0.2600,0.9500,0.9500
8.7948,-0.2600,0.9500,0.9500
8.7998,-0.2599,0.9500,0.9500
8.8048,-0.2599,0.9500,0.9500
8.8098,-0.2598,0.9500,0.9500
8.8148,-0.2598,0.9500,0.9500
8.8198,-0.2598,0.9500,0.9500
8.8248,-0.2598,0.9500,0.9500
8.8298,-0.2598,0.9500,0.9500
8.8348,-0.2599,0.9500,0.9500
8.8398,-0.2600,0.9500,0.9500
8.8447,-0.2601,0.9500,0.9500
8.8496,-0.2603,0.9500,0.9500
8.8545,-0.2605,0.9500,0.9500
8.8595,-0.2607,0.9500,0.9500
8.8644,-0.2608,0.9500,0.9500
8.8694,-0.2609,0.9500,0.9500
8.8744,-0.2608,0.9500,0.9500
8.8795,-0.2607,0.9500,0.9500
8.8846,-0.2604,0.9500,0.9500
8.8898,-0.2600,0.9500,0.9500
8.8950,-0.2594,0.9500,0.9500
8.9003,-0.2588,0.9500,0.9500
8.9056,-0.2581,0.9500,0.9500
8.9108,-0.2575,0.9500,0.9500
8.9160,-0.2570,0.9500,0.9500
8.9211,-0.2568,0.9500,0.9500
8.9261,-0.2569,0.9500,0.9500
8.9309,-0.2574,0.9500,0.9500
8.9355,-0.2584,0.9500,0.9500
8.9398,-0.2599,0.9500,0.9500
8.9439,-0.2621,0.9534,0.9534
8.9478,-0.2649,0.9569,0.9569
8.9514,-0.2681,0.9604,0.9604
8.9549,-0.2718,0.9640,0.9640
8.9583,-0.2757,0.9675,0.9675
8.9616,-0.2799,0.9711,0.9711
8.9648,-0.2841,0.9746,0.9746
8.9680,-0.2884,0.9781,0.9781
8.9713,-0.2926,0.9817,0.9817
8.9746,-0.2967,0.9852,0.9852
8.9780,-0.3005,0.9887,0.9887
8.9816,-0.3040,0.9923,0.9923
8.9853,-0.3071,0.9958,0.9958
8.9892,-0.3096,0.9993,0.9993
8.9934,-0.3115,0.9997,0.9997
8.9979,-0.3129,0.9993,0.9993
9.0025,-0.3137,0.9989,0.9989
9.0074,-0.3141,0.9986,0.9986
9.0124,-0.3141,0.9982,0.9982
9.0176,-0.3137,0.9978,0.9978
9.0228,-0.3131,0.9974,0.9974
9.0282,-0.3122,0.9971,0.9971
9.0336,-0.3113,0.9967,0.9967
9.0390,-0.3102,0.9963,0.9963
9.0445,-0.3091,0.9951,0.9951
9.0499,-0.3081,0.9937,0.9937
9.0553,-0.3071,0.9923,0.9923
9.0606,-0.3064,0.9909,0.9909
9.0658,-0.3059,0.9895,0.9895
9.0709,-0.3057,0.9882,0.9882
9.0758,-0.3059,0.9868,0.9868
9.0805,-0.3066,0.9854,0.9854
9.0850,-0.3078,0.9840,0.9840
9.0893,-0.3096,0.9826,0.9826
9.0932,-0.3121,0.9845,0.9845
9.0970,-0.3151,0.9872,0.9872
9.1005,-0.3186,0.9898,0.9898
9.1039,-0.3225,0.9925,0.9925
9.1072,-0.3267,0.9951,0.9951
9.1104,-0.3311,0.9978,0.9978
9.1135,-0.3355,1.0004,1.0004
9.1167,-0.3399,1.0031,1.0031
9.1200,-0.3441,1.0057,1.0057
9.1233,-0.3481,1.0084,1.0084
9.1268,-0.3518,1.0110,1.0110
9.1305,-0.3550,1.0137,1.0137
9.1344,-0.3576,1.0163,1.0163
9.1386,-0.3595,1.0190,1.0190
9.1431,-0.3607,1.0192,1.0192
9.1479,-0.3612,1.0184,1.0184
9.1529,-0.3612,1.0175,1.0175
9.1581,-0.3608,1.0166,1.0166
9.1633,-0.3602,1.0158,1.0158
9.1686,-0.3595,1.0149,1.0149
9.1738,-0.3590,1.0140,1.0140
9.1789,-0.3587,1.0132,1.0132
9.1839,-0.3589,1.0123,1.0123
9.1886,-0.3596,1.0115,1.0115
9.1930,-0.3611,1.0133,1.0133
9.1970,-0.3633,1.0164,1.0164
9.2008,-0.3662,1.0195,1.0195
9.2044,-0.3696,1.0225,1.0225
9.2079,-0.3734,1.0256,1.0256
9.2112,-0.3775,1.0287,1.0287
9.2144,-0.3818,1.0318,1.0318
9.2176,-0.3862,1.0349,1.0349
9.2207,-0.3907,1.0379,1.0379
9.2239,-0.3950,1.0410,1.0410
9.2273,-0.3990,1.0441,1.0441
9.2307,-0.4028,1.0472,1.0472
9.2343,-0.4061,1.0503,1.0503
9.2382,-0.4089,1.0533,1.0533
9.2423,-0.4111,1.0546,1.0546
9.2466,-0.4126,1.0542,1.0542
9.2513,-0.4135,1.0538,1.0538
9.2561,-0.4140,1.0535,1.0535
9.2611,-0.4140,1.0531,1.0531
9.2662,-0.4137,1.0528,1.0528
9.2715,-0.4131,1.0524,1.0524
9.2768,-0.4123,1.0521,1.0521
9.2822,-0.4114,1.0517,1.0517
9.2876,-0.4104,1.0514,1.0514
9.2929,-0.4095,1.0511,1.0511
9.2983,-0.4087,1.0510,1.0510
9.3036,-0.4080,1.0509,1.0509
9.3088,-0.4074,1.0508,1.0508
9.3139,-0.4071,1.0506,1.0506
9.3190,-0.4069,1.0505,1.0505
9.3239,-0.4071,1.0504,1.0504
9.3288,-0.4075,1.0503,1.0503
9.3335,-0.4082,1.0502,1.0502
9.3380,-0.4094,1.0501,1.0501
9.3424,-0.4109,1.0519,1.0519
9.3466,-0.4128,1.0555,1.0555
9.3506,-0.4151,1.0590,1.0590
9.3545,-0.4177,1.0625,1.0625
9.3583,-0.4207,1.0661,1.0661
9.3620,-0.4239,1.0696,1.0696
9.3655,-0.4274,1.0732,1.0732
9.3690,-0.4312,1.0767,1.0767
9.3723,-0.4351,1.0802,1.0802
9.3756,-0.4393,1.0838,1.0838
9.3788,-0.4436,1.0873,1.0873
9.3820,-0.4480,1.0908,1.0908
9.3851,-0.4526,1.0944,1.0944
9.3882,-0.4572,1.0979,1.0979
9.3912,-0.4619,1.1014,1.1014
9.3943,-0.4666,1.1050,1.1050
9.3974,-0.4713,1.1085,1.1085
9.4005,-0.4759,1.1121,1.1121
9.4036,-0.4804,1.1156,1.1156
9.4068,-0.4848,1.1191,1.1191
9.4101,-0.4890,1.1227,1.1227
9.4134,-0.4929,1.1262,1.1262
9.4169,-0.4965,1.1297,1.1297
9.4205,-0.4999,1.1333,1.1333
9.4243,-0.5028,1.1368,1.1368
9.4282,-0.5054,1.1403,1.1403
9.4324,-0.5075,1.1439,1.1439
9.4367,-0.5091,1.1474,1.1474
9.4412,-0.5102,1.1497,1.1497
9.4460,-0.5108,1.1488,1.1488
9.4510,-0.5109,1.1478,1.1478
9.4560,-0.5108,1.1468,1.1468
9.4612,-0.5104,1.1458,1.1458
9.4664,-0.5100,1.1448,1.1448
9.4716,-0.5095,1.1438,1.1438
9.4767,-0.5092,1.1429,1.1429
9.4817,-0.5092,1.1419,1.1419
9.4866,-0.5095,1.1409,1.1409
9.4912,-0.5103,1.1409,1.1409
9.4957,-0.5116,1.1435,1.1435
9.5000,-0.5134,1.1461,1.1461
9.5040,-0.5157,1.1487,1.1487
9.5079,-0.5184,1.1513,1.1513
9.5116,-0.5215,1.1539,1.1539
9.5152,-0.5249,1.1564,1.1564
9.5186,-0.5287,1.1590,1.1590
9.5219,-0.5327,1.1616,1.1616
9.5252,-0.5370,1.1642,1.1642
9.5283,-0.5415,1.1668,1.1668
9.5314,-0.5461,1.1694,1.1694
9.5344,-0.5509,1.1720,1.1720
9.5374,-0.5558,1.1746,1.1746
9.5404,-0.5606,1.1768,1.1768
9.5434,-0.5656,1.1764,1.1764
9.5463,-0.5704,1.1761,1.1761
9.5494,-0.5752,1.1757,1.1757
9.5524,-0.5799,1.1753,1.1753
9.5556,-0.5844,1.1749,1.1749
9.5588,-0.5887,1.1746,1.1746
9.5621,-0.5927,1.1742,1.1742
9.5656,-0.5964,1.1738,1.1738
9.5692,-0.5998,1.1734,1.1734
9.5729,-0.6028,1.1730,1.1730
9.5769,-0.6053,1.1727,1.1727
9.5810,-0.6074,1.1723,1.1723
9.5854,-0.6090,1.1719,1.1719
9.5900,-0.6100,1.1715,1.1715
9.5948,-0.6104,1.1710,1.1710
9.5998,-0.6104,1.1705,1.1705
9.6050,-0.6100,1.1699,1.1699
9.6102,-0.6094,1.1694,1.1694
9.6155,-0.6088,1.1689,1.1689
9.6207,-0.6083,1.1683,1.1683
9.6258,-0.6080,1.1678,1.1678
9.6308,-0.6081,1.1673,1.1673
9.6355,-0.6087,1.1667,1.1667
9.6400,-0.6100,1.1662,1.1662
9.6441,-0.6120,1.1675,1.1675
9.6480,-0.6147,1.1689,1.1689
9.6517,-0.6180,1.1702,1.1702
9.6551,-0.6218,1.1716,1.1716
9.6584,-0.6259,1.1730,1.1730
9.6616,-0.6302,1.1743,1.1743
9.6648,-0.6347,1.1757,1.1757
9.6679,-0.6391,1.1770,1.1770
9.6711,-0.6435,1.1784,1.1784
9.6744,-0.6476,1.1797,1.1797
9.6778,-0.6514,1.1811,1.1811
9.6814,-0.6548,1.1824,1.1824
9.6853,-0.6576,1.1838,1.1838
9.6894,-0.6598,1.1851,1.1851
9.6938,-0.6611,1.1834,1.1834
9.6985,-0.6618,1.1812,1.1812
9.7035,-0.6620,1.1789,1.1789
9.7086,-0.6618,1.1767,1.1767
9.7138,-0.6613,1.1745,1.1745
9.7190,-0.6607,1.1722,1.1722
9.7242,-0.6601,1.1700,1.1700
9.7294,-0.6597,1.1678,1.1678
9.7345,-0.6596,1.1655,1.1655
9.7393,-0.6599,1.1633,1.1633
9.7440,-0.6608,1.1640,1.1640
9.7483,-0.6623,1.1652,1.1652
9.7525,-0.6643,1.1664,1.1664
9.7565,-0.6668,1.1676,1.1676
9.7603,-0.6697,1.1688,1.1688
9.7639,-0.6731,1.1700,1.1700
9.7674,-0.6767,1.1713,1.1713
9.7707,-0.6807,1.1725,1.1725
9.7740,-0.6850,1.1737,1.1737
9.7771,-0.6894,1.1749,1.1749
9.7802,-0.6941,1.1761,1.1761
9.7832,-0.6988,1.1773,1.1773
9.7862,-0.7037,1.1785,1.1785
9.7892,-0.7086,1.1797,1.1797
9.7921,-0.7135,1.1807,1.1807
9.7951,-0.7184,1.1816,1.1816
9.7981,-0.7232,1.1825,1.1825
9.8012,-0.7279,1.1834,1.1834
9.8044,-0.7324,1.1843,1.1843
9.8076,-0.7367,1.1852,1.1852
9.8109,-0.7408,1.1861,1.1861
9.8143,-0.7446,1.1869,1.1869
9.8179,-0.7481,1.1878,1.1878
9.8215,-0.7512,1.1887,1.1887
9.8254,-0.7540,1.1896,1.1896
9.8294,-0.7563,1.1905,1.1905
9.8336,-0.7582,1.1914,1.1914
9.8381,-0.7596,1.1923,1.1923
9.8427,-0.7604,1.1912,1.1912
9.8476,-0.7608,1.1885,1.1885
9.8526,-0.7607,1.1859,1.1859
9.8577,-0.7604,1.1832,1.1832
9.8629,-0.7600,1.1806,1.1806
9.8680,-0.7595,1.1779,1.1779
9.8732,-0.7591,1.1753,1.1753
9.8783,-0.7589,1.1726,1.1726
9.8833,-0.7590,1.1699,1.1699
9.8881,-0.7596,1.1673,1.1673
9.8926,-0.7607,1.1670,1.1670
9.8970,-0.7624,1.1683,1.1683
9.9011,-0.7646,1.1697,1.1697
9.9051,-0.7672,1.1710,1.1710
9.9089,-0.7703,1.1724,1.1724
9.9125,-0.7737,1.1737,1.1737
9.9160,-0.7774,1.1751,1.1751
9.9194,-0.7814,1.1765,1.1765
9.9227,-0.7855,1.1778,1.1778
9.9259,-0.7899,1.1792,1.1792
9.9291,-0.7943,1.1805,1.1805
9.9322,-0.7987,1.1819,1.1819
9.9352,-0.8032,1.1832,1.1832
9.9383,-0.8076,1.1846,1.1846
9.9414,-0.8119,1.1860,1.1860
9.9445,-0.8160,1.1877,1.1877
9.9476,-0.8200,1.1893,1.1893
9.9508,-0.8239,1.1909,1.1909
9.9540,-0.8277,1.1925,1.1925
9.9573,-0.8314,1.1942,1.1942
9.9606,-0.8350,1.1958,1.1958
9.9641,-0.8384,1.1974,1.1974
9.9676,-0.8418,1.1990,1.1990
9.9712,-0.8452,1.2007,1.2007
9.9750,-0.8484,1.2023,1.2023
9.9789,-0.8516,1.2039,1.2039
9.9829,-0.8548,1.2055,1.2055
9.9870,-0.8579,1.2072,1.2072
9.9913,-0.8609,1.2074,1.2074
9.9958,-0.8640,1.2045,1.2045
10.0003,-0.8670,1.2016,1.2016
10.0048,-0.8701,1.1987,1.1987
10.0094,-0.8732,1.1958,1.1958
10.0138,-0.8763,1.1929,1.1929
10.0181,-0.8796,1.1900,1.1900
10.0222,-0.8829,1.1871,1.1871
10.0260,-0.8864,1.1842,1.1842
10.0295,-0.8899,1.1813,1.1813
10.0326,-0.8937,1.1784,1.1784
10.0353,-0.8976,1.1755,1.1755
10.0375,-0.9018,1.1726,1.1726
10.0391,-0.9062,1.1697,1.1697
10.0401,-0.9108,1.1674,1.1674
10.0405,-0.9156,1.1684,1.1684
10.0405,-0.9207,1.1693,1.1693
10.0401,-0.9259,1.1703,1.1703
10.0395,-0.9311,1.1713,1.1713
10.0388,-0.9364,1.1722,1.1722
10.0383,-0.9416,1.1732,1.1732
10.0380,-0.9467,1.1741,1.1741
10.0382,-0.9516,1.1751,1.1751
10.0389,-0.9563,1.1761,1.1761
10.0403,-0.9607,1.1764,1.1764
10.0425,-0.9648,1.1738,1.1738
10.0453,-0.9686,1.1712,1.1712
10.0488,-0.9722,1.1686,1.1686
10.0527,-0.9756,1.1661,1.1661
10.0569,-0.9788,1.1635,1.1635
10.0613,-0.9820,1.1609,1.1609
10.0659,-0.9851,1.1583,1.1583
10.0704,-0.9882,1.1557,1.1557
10.0747,-0.9914,1.1531,1.1531
10.0788,-0.9948,1.1505,1.1505
10.0825,-0.9982,1.1479,1.1479
10.0857,-1.0019,1.1453,1.1453
10.0882,-1.0059,1.1427,1.1427
10.0900,-1.0101,1.1402,1.1402
10.0910,-1.0147,1.1416,1.1416
10.0913,-1.0196,1.1430,1.1430
10.0911,-1.0247,1.1445,1.1445
10.0906,-1.0299,1.1459,1.1459
10.0899,-1.0352,1.1473,1.1473
10.0892,-1.0405,1.1487,1.1487
10.0887,-1.0457,1.1501,1.1501
10.0886,-1.0507,1.1515,1.1515
10.0890,-1.0556,1.1530,1.1530
10.0900,-1.0601,1.1543,1.1543
10.0920,-1.0643,1.1521,1.1521
10.0946,-1.0682,1.1499,1.1499
10.0979,-1.0719,1.1478,1.1478
10.1017,-1.0753,1.1456,1.1456
10.1059,-1.0786,1.1434,1.1434
10.1103,-1.0817,1.1412,1.1412
10.1148,-1.0849,1.1391,1.1391
10.1194,-1.0880,1.1369,1.1369
10.1238,-1.0911,1.1347,1.1347
10.1280,-1.0944,1.1325,1.1325
10.1318,-1.0978,1.1304,1.1304
10.1351,-1.1015,1.1282,1.1282
10.1379,-1.1053,1.1260,1.1260
10.1398,-1.1095,1.1239,1.1239
10.1410,-1.1140,1.1251,1.1251
10.1414,-1.1189,1.1267,1.1267
10.1413,-1.1239,1.1284,1.1284
10.1408,-1.1291,1.1301,1.1301
10.1401,-1.1344,1.1317,1.1317
10.1394,-1.1397,1.1334,1.1334
10.1388,-1.1449,1.1350,1.1350
10.1386,-1.1500,1.1367,1.1367
10.1389,-1.1549,1.1383,1.1383
10.1398,-1.1595,1.1400,1.1400
10.1416,-1.1638,1.1381,1.1381
10.1442,-1.1677,1.1357,1.1357
10.1474,-1.1714,1.1333,1.1333
10.1511,-1.1749,1.1310,1.1310
10.1552,-1.1782,1.1286,1.1286
10.1596,-1.1814,1.1263,1.1263
10.1641,-1.1845,1.1239,1.1239
10.1686,-1.1876,1.1215,1.1215
10.1731,-1.1908,1.1192,1.1192
10.1773,-1.1940,1.1168,1.1168
10.1812,-1.1974,1.1145,1.1145
10.1847,-1.2010,1.1121,1.1121
10.1875,-1.2048,1.1097,1.1097
10.1896,-1.2089,1.1074,1.1074
10.1909,-1.2134,1.1076,1.1076
10.1915,-1.2182,1.1088,1.1088
10.1915,-1.2232,1.1099,1.1099
10.1910,-1.2283,1.1110,1.1110
10.1904,-1.2336,1.1121,1.1121
10.1897,-1.2389,1.1133,1.1133
10.1891,-1.2441,1.1144,1.1144
10.1888,-1.2493,1.1155,1.1155
10.1889,-1.2542,1.1166,1.1166
10.1897,-1.2589,1.1178,1.1178
10.1912,-1.2633,1.1160,1.1160
10.1935,-1.2673,1.1132,1.1132
10.1964,-1.2711,1.1105,1.1105
10.1999,-1.2747,1.1078,1.1078
10.2037,-1.2781,1.1050,1.1050
10.2079,-1.2814,1.1023,1.1023
10.2122,-1.2846,1.0996,1.0996
10.2167,-1.2877,1.0968,1.0968
10.2211,-1.2909,1.0941,1.0941
10.2254,-1.2941,1.0913,1.0913
10.2295,-1.2974,1.0886,1.0886
10.2332,-1.3009,1.0859,1.0859
10.2365,-1.3045,1.0831,1.0831
10.2391,-1.3084,1.0804,1.0804
10.2412,-1.3126,1.0801,1.0801
10.2425,-1.3170,1.0814,1.0814
10.2433,-1.3217,1.0827,1.0827
10.2435,-1.3266,1.0839,1.0839
10.2434,-1.3317,1.0852,1.0852
10.2430,-1.3368,1.0865,1.0865
10.2424,-1.3421,1.0877,1.0877
10.2417,-1.3474,1.0890,1.0890
10.2409,-1.3527,1.0903,1.0903
10.2402,-1.3580,1.0915,1.0915
10.2397,-1.3632,1.0929,1.0929
10.2393,-1.3684,1.0944,1.0944
10.2391,-1.3734,1.0959,1.0959
10.2390,-1.3785,1.0974,1.0974
10.2391,-1.3835,1.0988,1.0988
10.2392,-1.3884,1.1003,1.1003
10.2394,-1.3934,1.1018,1.1018
10.2395,-1.3983,1.1033,1.1033
10.2398,-1.4032,1.1048,1.1048
10.2399,-1.4081,1.1062,1.1062
10.2401,-1.4131,1.1075,1.1075
10.2402,-1.4180,1.1086,1.1086
10.2402,-1.4230,1.1097,1.1097
10.2403,-1.4280,1.1109,1.1109
10.2403,-1.4330,1.1120,1.1120
10.2402,-1.4380,1.1131,1.1131
10.2402,-1.4430,1.1142,1.1142
10.2401,-1.4481,1.1154,1.1154
10.2401,-1.4531,1.1165,1.1165
10.2400,-1.4581,1.1176,1.1176
10.2400,-1.4631,1.1167,1.1167
10.2399,-1.4681,1.1146,1.1146
10.2399,-1.4731,1.1124,1.1124
10.2399,-1.4781,1.1103,1.1103
10.2399,-1.4831,1.1081,1.1081
10.2399,-1.4881,1.1060,1.1060
10.2399,-1.4931,1.1038,1.1038
10.2399,-1.4981,1.1017,1.1017
10.2399,-1.5031,1.0995,1.0995
10.2400,-1.5081,1.0974,1.0974
10.2400,-1.5131,1.0951,1.0951
10.2401,-1.5181,1.0928,1.0928
10.2401,-1.5232,1.0905,1.0905
10.2402,-1.5282,1.0882,1.0882
10.2402,-1.5332,1.0859,1.0859
10.2402,-1.5382,1.0836,1.0836
10.2402,-1.5432,1.0813,1.0813
10.2402,-1.5482,1.0790,1.0790
10.2402,-1.5532,1.0767,1.0767
10.2401,-1.5581,1.0744,1.0744
10.2399,-1.5631,1.0721,1.0721
10.2397,-1.5680,1.0699,1.0699
10.2395,-1.5729,1.0677,1.0677
10.2394,-1.5779,1.0654,1.0654
10.2392,-1.5828,1.0632,1.0632
10.2391,-1.5878,1.0610,1.0610
10.2391,-1.5928,1.0587,1.0587
10.2392,-1.5978,1.0565,1.0565
10.2394,-1.6029,1.0543,1.0543
10.2398,-1.6081,1.0520,1.0520
10.2404,-1.6133,1.0498,1.0498
10.2410,-1.6186,1.0477,1.0477
10.2417,-1.6239,1.0455,1.0455
10.2424,-1.6291,1.0433,1.0433
10.2429,-1.6344,1.0412,1.0412
10.2433,-1.6395,1.0390,1.0390
10.2433,-1.6445,1.0369,1.0369
10.2429,-1.6493,1.0347,1.0347
10.2421,-1.6540,1.0325,1.0325
10.2407,-1.6584,1.0304,1.0304
10.2386,-1.6626,1.0265,1.0265
10.2360,-1.6665,1.0217,1.0217
10.2328,-1.6702,1.0170,1.0170
10.2293,-1.6737,1.0122,1.0122
10.2254,-1.6771,1.0074,1.0074
10.2212,-1.6804,1.0026,1.0026
10.2169,-1.6836,0.9978,0.9978
10.2126,-1.6868,0.9930,0.9930
10.2083,-1.6900,0.9882,0.9882
10.2042,-1.6933,0.9834,0.9834
10.2003,-1.6967,0.9786,0.9786
10.1968,-1.7003,0.9738,0.9738
10.1937,-1.7040,0.9690,0.9690
10.1911,-1.7079,0.9642,0.9642
10.1891,-1.7121,0.9607,0.9607
10.1878,-1.7165,0.9584,0.9584
10.1870,-1.7212,0.9562,0.9562
10.1867,-1.7261,0.9540,0.9540
10.1867,-1.7311,0.9517,0.9517
10.1871,-1.7362,0.9495,0.9495
10.1876,-1.7415,0.9473,0.9473
10.1883,-1.7468,0.9450,0.9450
10.1890,-1.7521,0.9428,0.9428
10.1897,-1.7573,0.9405,0.9405
10.1903,-1.7626,0.9384,0.9384
10.1907,-1.7677,0.9364,0.9364
10.1909,-1.7728,0.9344,0.9344
10.1910,-1.7779,0.9324,0.9324
10.1911,-1.7829,0.9303,0.9303
10.1910,-1.7879,0.9283,0.9283
10.1909,-1.7928,0.9263,0.9263
10.1907,-1.7977,0.9243,0.9243
10.1904,-1.8026,0.9223,0.9223
10.1901,-1.8075,0.9203,0.9203
10.1899,-1.8124,0.9184,0.9184
10.1896,-1.8173,0.9166,0.9166
10.1894,-1.8222,0.9148,0.9148
10.1892,-1.8271,0.9130,0.9130
10.1890,-1.8321,0.9112,0.9112
10.1889,-1.8370,0.9094,0.9094
10.1890,-1.8421,0.9076,0.9076
10.1891,-1.8471,0.9059,0.9059
10.1894,-1.8522,0.9041,0.9041
10.1897,-1.8574,0.9023,0.9023
10.1903,-1.8626,0.9006,0.9006
10.1910,-1.8679,0.8991,0.8991
10.1917,-1.8732,0.8975,0.8975
10.1923,-1.8785,0.8960,0.8960
10.1929,-1.8837,0.8945,0.8945
10.1932,-1.8888,0.8929,0.8929
10.1933,-1.8938,0.8914,0.8914
10.1930,-1.8987,0.8899,0.8899
10.1922,-1.9034,0.8883,0.8883
10.1909,-1.9079,0.8868,0.8868
10.1890,-1.9121,0.8838,0.8838
10.1864,-1.9160,0.8795,0.8795
10.1834,-1.9198,0.8752,0.8752
10.1799,-1.9233,0.8708,0.8708
10.1761,-1.9267,0.8665,0.8665
10.1720,-1.9300,0.8621,0.8621
10.1678,-1.9333,0.8578,0.8578
10.1635,-1.9365,0.8534,0.8534
10.1592,-1.9398,0.8491,0.8491
10.1551,-1.9430,0.8448,0.8448
10.1511,-1.9464,0.8404,0.8404
10.1475,-1.9499,0.8361,0.8361
10.1442,-1.9536,0.8317,0.8317
10.1415,-1.9574,0.8274,0.8274
10.1393,-1.9615,0.8242,0.8242
10.1377,-1.9658,0.8232,0.8232
10.1366,-1.9704,0.8221,0.8221
10.1361,-1.9752,0.8210,0.8210
10.1359,-1.9801,0.8200,0.8200
10.1362,-1.9852,0.8189,0.8189
10.1367,-1.9904,0.8178,0.8178
10.1374,-1.9957,0.8168,0.8168
10.1383,-2.0011,0.8157,0.8157
10.1393,-2.0065,0.8146,0.8146
10.1404,-2.0120,0.8137,0.8137
10.1414,-2.0174,0.8129,0.8129
10.1424,-2.0228,0.8121,0.8121
10.1432,-2.0281,0.8113,0.8113
10.1437,-2.0334,0.8106,0.8106
10.1440,-2.0385,0.8098,0.8098
10.1440,-2.0435,0.8090,0.8090
10.1436,-2.0483,0.8083,0.8083
10.1427,-2.0529,0.8075,0.8075
10.1412,-2.0573,0.8067,0.8067
10.1392,-2.0615,0.8048,0.8048
10.1366,-2.0654,0.8010,0.8010
10.1334,-2.0691,0.7971,0.7971
10.1299,-2.0726,0.7932,0.7932
10.1260,-2.0760,0.7894,0.7894
10.1219,-2.0793,0.7855,0.7855
10.1176,-2.0825,0.7817,0.7817
10.1133,-2.0858,0.7778,0.7778
10.1090,-2.0890,0.7740,0.7740
10.1049,-2.0923,0.7701,0.7701
10.1010,-2.0957,0.7662,0.7662
10.0974,-2.0992,0.7624,0.7624
10.0943,-2.1029,0.7585,0.7585
10.0916,-2.1068,0.7547,0.7547
10.0896,-2.1110,0.7516,0.7516
10.0882,-2.1154,0.7515,0.7515
10.0873,-2.1200,0.7513,0.7513
10.0870,-2.1249,0.7511,0.7511
10.0870,-2.1299,0.7510,0.7510
10.0873,-2.1350,0.7508,0.7508
10.0878,-2.1402,0.7506,0.7506
10.0884,-2.1455,0.7505,0.7505
10.0891,-2.1507,0.7503,0.7503
10.0897,-2.1560,0.7501,0.7501
10.0901,-2.1612,0.7500,0.7500
10.0903,-2.1663,0.7500,0.7500
10.0904,-2.1713,0.7500,0.7500
10.0903,-2.1763,0.7500,0.7500
10.0901,-2.1812,0.7500,0.7500
10.0900,-2.1861,0.7500,0.7500
10.0898,-2.1910,0.7500,0.7500
10.0897,-2.1960,0.7500,0.7500
10.0896,-2.2010,0.7500,0.7500
10.0898,-2.2060,0.7500,0.7500
10.0901,-2.2112,0.7500,0.7500
10.0906,-2.2164,0.7500,0.7500
10.0912,-2.2217,0.7500,0.7500
10.0919,-2.2269,0.7500,0.7500
10.0925,-2.2322,0.7500,0.7500
10.0929,-2.2373,0.7500,0.7500
10.0931,-2.2424,0.7500,0.7500
10.0929,-2.2474,0.7500,0.7500
10.0923,-2.2521,0.7500,0.7500
10.0912,-2.2567,0.7500,0.7500
10.0896,-2.2610,0.7492,0.7492
10.0872,-2.2650,0.7456,0.7456
10.0843,-2.2688,0.7421,0.7421
10.0810,-2.2724,0.7386,0.7386
10.0773,-2.2759,0.7350,0.7350
10.0732,-2.2792,0.7315,0.7315
10.0690,-2.2825,0.7280,0.7280
10.0648,-2.2857,0.7244,0.7244
10.0605,-2.2889,0.7209,0.7209
10.0563,-2.2922,0.7174,0.7174
10.0522,-2.2955,0.7138,0.7138
10.0485,-2.2990,0.7103,0.7103
10.0451,-2.3026,0.7067,0.7067
10.0422,-2.3064,0.7032,0.7032
10.0398,-2.3104,0.7000,0.7000
10.0381,-2.3147,0.7000,0.7000
10.0369,-2.3192,0.7000,0.7000
10.0362,-2.3239,0.7000,0.7000
10.0359,-2.3288,0.7000,0.7000
10.0360,-2.3338,0.7000,0.7000
10.0365,-2.3390,0.7000,0.7000
10.0372,-2.3443,0.7000,0.7000
10.0381,-2.3497,0.7000,0.7000
10.0390,-2.3551,0.7000,0.7000
10.0401,-2.3605,0.7000,0.7000
10.0411,-2.3659,0.7000,0.7000
10.0421,-2.3713,0.7000,0.7000
10.0430,-2.3767,0.7000,0.7000
10.0436,-2.3820,0.7000,0.7000
10.0440,-2.3871,0.7000,0.7000
10.0441,-2.3922,0.7000,0.7000
10.0437,-2.3970,0.7000,0.7000
10.0430,-2.4017,0.7000,0.7000
10.0417,-2.4062,0.7000,0.7000
10.0398,-2.4104,0.6997,0.6997
10.0373,-2.4144,0.6963,0.6963
10.0343,-2.4181,0.6929,0.6929
10.0308,-2.4217,0.6895,0.6895
10.0270,-2.4251,0.6861,0.6861
10.0230,-2.4284,0.6827,0.6827
10.0187,-2.4317,0.6793,0.6793
10.0144,-2.4349,0.6759,0.6759
10.0102,-2.4381,0.6725,0.6725
10.0060,-2.4414,0.6691,0.6691
10.0020,-2.4448,0.6657,0.6657
9.9984,-2.4482,0.6623,0.6623
9.9951,-2.4519,0.6589,0.6589
9.9923,-2.4557,0.6555,0.6555
9.9901,-2.4598,0.6521,0.6521
9.9885,-2.4642,0.6525,0.6525
9.9875,-2.4688,0.6530,0.6530
9.9870,-2.4736,0.6536,0.6536
9.9870,-2.4785,0.6542,0.6542
9.9872,-2.4836,0.6548,0.6548
9.9877,-2.4888,0.6553,0.6553
9.9883,-2.4941,0.6559,0.6559
9.9889,-2.4993,0.6565,0.6565
9.9895,-2.5046,0.6571,0.6571
9.9900,-2.5098,0.6576,0.6576
9.9903,-2.5149,0.6586,0.6586
9.9903,-2.5199,0.6595,0.6595
9.9903,-2.5249,0.6604,0.6604
9.9902,-2.5299,0.6614,0.6614
9.9900,-2.5348,0.6623,0.6623
9.9898,-2.5397,0.6633,0.6633
9.9897,-2.5447,0.6642,0.6642
9.9896,-2.5496,0.6652,0.6652
9.9897,-2.5547,0.6661,0.6661
9.9900,-2.5598,0.6670,0.6670
9.9905,-2.5650,0.6683,0.6683
9.9911,-2.5703,0.6696,0.6696
9.9917,-2.5755,0.6709,0.6709
9.9924,-2.5808,0.6722,0.6722
9.9929,-2.5860,0.6735,0.6735
9.9931,-2.5911,0.6748,0.6748
9.9931,-2.5961,0.6761,0.6761
9.9926,-2.6009,0.6774,0.6774
9.9916,-2.6055,0.6787,0.6787
9.9901,-2.6098,0.6800,0.6800
9.9879,-2.6139,0.6780,0.6780
9.9850,-2.6178,0.6759,0.6759
9.9817,-2.6214,0.6738,0.6738
9.9780,-2.6249,0.6716,0.6716
9.9740,-2.6282,0.6695,0.6695
9.9698,-2.6314,0.6674,0.6674
9.9655,-2.6347,0.6653,0.6653
9.9611,-2.6379,0.6631,0.6631
9.9569,-2.6411,0.6610,0.6610
9.9528,-2.6444,0.6589,0.6589
9.9490,-2.6479,0.6568,0.6568
9.9456,-2.6514,0.6546,0.6546
9.9427,-2.6552,0.6525,0.6525
9.9403,-2.6593,0.6504,0.6504
9.9386,-2.6636,0.6517,0.6517
9.9376,-2.6681,0.6538,0.6538
9.9370,-2.6729,0.6559,0.6559
9.9369,-2.6778,0.6580,0.6580
9.9371,-2.6829,0.6600,0.6600
9.9375,-2.6881,0.6621,0.6621
9.9381,-2.6933,0.6642,0.6642
9.9388,-2.6986,0.6663,0.6663
9.9394,-2.7039,0.6684,0.6684
9.9399,-2.7091,0.6705,0.6705
9.9402,-2.7142,0.6728,0.6728
9.9404,-2.7193,0.6752,0.6752
9.9403,-2.7243,0.6775,0.6775
9.9402,-2.7292,0.6799,0.6799
9.9401,-2.7342,0.6823,0.6823
9.9399,-2.7391,0.6847,0.6847
9.9397,-2.7440,0.6871,0.6871
9.9397,-2.7490,0.6894,0.6894
9.9397,-2.7540,0.6918,0.6918
9.9399,-2.7591,0.6942,0.6942
9.9404,-2.7643,0.6964,0.6964
9.9410,-2.7695,0.6985,0.6985
9.9416,-2.7748,0.7006,0.7006
9.9422,-2.7801,0.7028,0.7028
9.9427,-2.7853,0.7049,0.7049
9.9430,-2.7904,0.7070,0.7070
9.9430,-2.7954,0.7091,0.7091
9.9426,-2.8002,0.7113,0.7113
9.9417,-2.8049,0.7134,0.7134
9.9403,-2.8093,0.7155,0.7155
9.9382,-2.8134,0.7146,0.7146
9.9356,-2.8173,0.7131,0.7131
9.9324,-2.8210,0.7116,0.7116
9.9288,-2.8245,0.7101,0.7101
9.9249,-2.8279,0.7086,0.7086
9.9208,-2.8312,0.7071,0.7071
9.9165,-2.8344,0.7056,0.7056
9.9122,-2.8376,0.7041,0.7041
9.9079,-2.8409,0.7026,0.7026
9.9038,-2.8442,0.7011,0.7011
9.9000,-2.8476,0.6996,0.6996
9.8964,-2.8511,0.6981,0.6981
9.8933,-2.8548,0.6966,0.6966
9.8907,-2.8587,0.6951,0.6951
9.8887,-2.8629,0.6961,0.6961
9.8873,-2.8673,0.6982,0.6982
9.8864,-2.8719,0.7003,0.7003
9.8859,-2.8768,0.7025,0.7025
9.8859,-2.8818,0.7046,0.7046
9.8862,-2.8869,0.7067,0.7067
9.8868,-2.8921,0.7089,0.7089
9.8876,-2.8975,0.7110,0.7110
9.8886,-2.9029,0.7131,0.7131
9.8897,-2.9083,0.7152,0.7152
9.8907,-2.9138,0.7163,0.7163
9.8918,-2.9192,0.7168,0.7168
9.8927,-2.9246,0.7173,0.7173
9.8935,-2.9299,0.7178,0.7178
9.8940,-2.9351,0.7183,0.7183
9.8942,-2.9402,0.7189,0.7189
9.8941,-2.9452,0.7194,0.7194
9.8935,-2.9499,0.7199,0.7199
9.8923,-2.9544,0.7204,0.7204
9.8906,-2.9587,0.7210,0.7210
9.8883,-2.9628,0.7211,0.7211
9.8854,-2.9666,0.7211,0.7211
9.8820,-2.9701,0.7211,0.7211
9.8781,-2.9736,0.7211,0.7211
9.8740,-2.9769,0.7211,0.7211
9.8697,-2.9801,0.7211,0.7211
9.8654,-2.9833,0.7211,0.7211
9.8610,-2.9865,0.7211,0.7211
9.8567,-2.9897,0.7211,0.7211
9.8527,-2.9930,0.7211,0.7211
9.8490,-2.9965,0.7211,0.7211
9.8457,-3.0001,0.7211,0.7211
9.8429,-3.0040,0.7211,0.7211
9.8407,-3.0081,0.7211,0.7211
9.8393,-3.0125,0.7208,0.7208
9.8385,-3.0172,0.7203,0.7203
9.8383,-3.0221,0.7198,0.7198
9.8385,-3.0272,0.7193,0.7193
9.8390,-3.0324,0.7187,0.7187
9.8396,-3.0376,0.7182,0.7182
9.8402,-3.0428,0.7177,0.7177
9.8406,-3.0480,0.7172,0.7172
9.8407,-3.0531,0.7166,0.7166
9.8403,-3.0579,0.7161,0.7161
9.8394,-3.0625,0.7168,0.7168
9.8379,-3.0669,0.7184,0.7184
9.8358,-3.0711,0.7199,0.7199
9.8332,-3.0750,0.7215,0.7215
9.8302,-3.0787,0.7231,0.7231
9.8267,-3.0823,0.7247,0.7247
9.8230,-3.0858,0.7263,0.7263
9.8190,-3.0891,0.7278,0.7278
9.8147,-3.0924,0.7294,0.7294
9.8104,-3.0955,0.7310,0.7310
9.8059,-3.0987,0.7326,0.7326
9.8014,-3.1018,0.7342,0.7342
9.7969,-3.1050,0.7357,0.7357
9.7925,-3.1081,0.7373,0.7373
9.7882,-3.1114,0.7384,0.7384
9.7841,-3.1146,0.7387,0.7387
9.7802,-3.1180,0.7391,0.7391
9.7764,-3.1214,0.7395,0.7395
9.7727,-3.1249,0.7398,0.7398
9.7691,-3.1284,0.7402,0.7402
9.7656,-3.1319,0.7405,0.7405
9.7622,-3.1355,0.7409,0.7409
9.7588,-3.1391,0.7413,0.7413
9.7555,-3.1427,0.7416,0.7416
9.7522,-3.1464,0.7420,0.7420
9.7489,-3.1500,0.7423,0.7423
9.7457,-3.1537,0.7427,0.7427
9.7424,-3.1574,0.7430,0.7430
9.7391,-3.1610,0.7432,0.7432
9.7357,-3.1647,0.7428,0.7428
9.7323,-3.1683,0.7425,0.7425
9.7289,-3.1720,0.7421,0.7421
9.7254,-3.1756,0.7418,0.7418
9.7219,-3.1792,0.7414,0.7414
9.7184,-3.1828,0.7411,0.7411
9.7149,-3.1864,0.7407,0.7407
9.7113,-3.1899,0.7403,0.7403
9.7077,-3.1934,0.7400,0.7400
9.7041,-3.1969,0.7396,0.7396
9.7005,-3.2003,0.7393,0.7393
9.6968,-3.2037,0.7389,0.7389
9.6932,-3.2071,0.7385,0.7385
9.6895,-3.2105,0.7380,0.7380
9.6858,-3.2138,0.7364,0.7364
9.6821,-3.2170,0.7349,0.7349
9.6785,-3.2203,0.7333,0.7333
9.6748,-3.2236,0.7317,0.7317
9.6712,-3.2269,0.7301,0.7301
9.6676,-3.2302,0.7285,0.7285
9.6640,-3.2336,0.7270,0.7270
9.6604,-3.2370,0.7254,0.7254
9.6569,-3.2406,0.7238,0.7238
9.6534,-3.2442,0.7222,0.7222
9.6500,-3.2479,0.7206,0.7206
9.6466,-3.2518,0.7191,0.7191
9.6433,-3.2558,0.7175,0.7175
9.6400,-3.2600,0.7159,0.7159
9.6368,-3.2643,0.7144,0.7144
9.6337,-3.2688,0.7129,0.7129
9.6305,-3.2733,0.7114,0.7114
9.6274,-3.2778,0.7099,0.7099
9.6242,-3.2823,0.7084,0.7084
9.6210,-3.2866,0.7069,0.7069
9.6178,-3.2908,0.7054,0.7054
9.6144,-3.2947,0.7039,0.7039
9.6109,-3.2983,0.7024,0.7024
9.6072,-3.3016,0.7008,0.7008
9.6034,-3.3044,0.6993,0.6993
9.5994,-3.3068,0.6978,0.6978
9.5951,-3.3086,0.6963,0.6963
9.5906,-3.3099,0.6948,0.6948
9.5859,-3.3105,0.6960,0.6960
9.5809,-3.3106,0.6976,0.6976
9.5758,-3.3103,0.6992,0.6992
9.5706,-3.3098,0.7008,0.7008
9.5653,-3.3091,0.7024,0.7024
9.5601,-3.3086,0.7040,0.7040
9.5549,-3.3082,0.7056,0.7056
9.5499,-3.3082,0.7072,0.7072
9.5451,-3.3087,0.7088,0.7088
9.5406,-3.3098,0.7104,0.7104
9.5364,-3.3117,0.7097,0.7097
9.5325,-3.3143,0.7085,0.7085
9.5288,-3.3175,0.7074,0.7074
9.5253,-3.3212,0.7063,0.7063
9.5220,-3.3252,0.7051,0.7051
9.5188,-3.3295,0.7040,0.7040
9.5156,-3.3340,0.7029,0.7029
9.5125,-3.3384,0.7017,0.7017
9.5093,-3.3428,0.7006,0.7006
9.5060,-3.3470,0.6995,0.6995
9.5026,-3.3509,0.6983,0.6983
9.4990,-3.3544,0.6972,0.6972
9.4952,-3.3573,0.6961,0.6961
9.4912,-3.3595,0.6949,0.6949
9.4868,-3.3610,0.6946,0.6946
9.4821,-3.3618,0.6946,0.6946
9.4772,-3.3620,0.6946,0.6946
9.4721,-3.3618,0.6946,0.6946
9.4669,-3.3614,0.6946,0.6946
9.4617,-3.3608,0.6946,0.6946
9.4565,-3.3602,0.6946,0.6946
9.4513,-3.3597,0.6946,0.6946
9.4462,-3.3596,0.6946,0.6946
9.4413,-3.3598,0.6946,0.6946
9.4366,-3.3607,0.6946,0.6946
9.4322,-3.3620,0.6946,0.6946
9.4280,-3.3640,0.6946,0.6946
9.4240,-3.3664,0.6946,0.6946
9.4202,-3.3692,0.6946,0.6946
9.4165,-3.3725,0.6946,0.6946
9.4130,-3.3761,0.6946,0.6946
9.4097,-3.3800,0.6946,0.6946
9.4064,-3.3843,0.6946,0.6946
9.4032,-3.3887,0.6946,0.6946
9.4002,-3.3933,0.6946,0.6946
9.3971,-3.3981,0.6946,0.6946
9.3942,-3.4030,0.6946,0.6946
9.3912,-3.4079,0.6946,0.6946
9.3883,-3.4129,0.6931,0.6931
9.3853,-3.4179,0.6905,0.6905
9.3823,-3.4227,0.6879,0.6879
9.3793,-3.4275,0.6852,0.6852
9.3762,-3.4321,0.6826,0.6826
9.3730,-3.4365,0.6800,0.6800
9.3698,-3.4407,0.6774,0.6774
9.3664,-3.4446,0.6748,0.6748
9.3628,-3.4481,0.6722,0.6722
9.3592,-3.4513,0.6696,0.6696
9.3553,-3.4541,0.6669,0.6669
9.3513,-3.4564,0.6643,0.6643
9.3470,-3.4583,0.6617,0.6617
9.3426,-3.4595,0.6591,0.6591
9.3379,-3.4602,0.6581,0.6581
9.3329,-3.4604,0.6590,0.6590
9.3278,-3.4602,0.6600,0.6600
9.3226,-3.4597,0.6609,0.6609
9.3174,-3.4591,0.6618,0.6618
9.3121,-3.4585,0.6628,0.6628
9.3069,-3.4580,0.6637,0.6637
9.3019,-3.4579,0.6647,0.6647
9.2970,-3.4583,0.6656,0.6656
9.2924,-3.4592,0.6666,0.6666
9.2881,-3.4608,0.6660,0.6660
9.2841,-3.4633,0.6635,0.6635
9.2804,-3.4663,0.6611,0.6611
9.2769,-3.4699,0.6586,0.6586
9.2735,-3.4739,0.6562,0.6562
9.2703,-3.4782,0.6537,0.6537
9.2671,-3.4826,0.6513,0.6513
9.2640,-3.4871,0.6488,0.6488
9.2608,-3.4916,0.6464,0.6464
9.2576,-3.4959,0.6439,0.6439
9.2542,-3.4998,0.6415,0.6415
9.2507,-3.5034,0.6390,0.6390
9.2470,-3.5064,0.6366,0.6366
9.2430,-3.5088,0.6341,0.6341
9.2386,-3.5104,0.6330,0.6330
9.2340,-3.5112,0.6348,0.6348
9.2290,-3.5114,0.6365,0.6365
9.2239,-3.5112,0.6383,0.6383
9.2187,-3.5106,0.6400,0.6400
9.2134,-3.5099,0.6418,0.6418
9.2081,-3.5093,0.6435,0.6435
9.2030,-3.5088,0.6453,0.6453
9.1979,-3.5088,0.6470,0.6470
9.1931,-3.5093,0.6488,0.6488
9.1886,-3.5105,0.6491,0.6491
9.1844,-3.5124,0.6461,0.6461
9.1805,-3.5151,0.6432,0.6432
9.1769,-3.5183,0.6402,0.6402
9.1734,-3.5220,0.6373,0.6373
9.1701,-3.5260,0.6343,0.6343
9.1668,-3.5303,0.6314,0.6314
9.1637,-3.5347,0.6284,0.6284
9.1605,-3.5392,0.6255,0.6255
9.1573,-3.5436,0.6225,0.6225
9.1541,-3.5477,0.6196,0.6196
9.1507,-3.5516,0.6166,0.6166
9.1471,-3.5551,0.6137,0.6137
9.1433,-3.5580,0.6107,0.6107
9.1393,-3.5604,0.6085,0.6085
9.1350,-3.5620,0.6095,0.6095
9.1304,-3.5630,0.6105,0.6105
9.1256,-3.5635,0.6115,0.6115
9.1206,-3.5636,0.6125,0.6125
9.1155,-3.5633,0.6135,0.6135
9.1103,-3.5628,0.6146,0.6146
9.1050,-3.5621,0.6156,0.6156
9.0997,-3.5613,0.6166,0.6166
9.0943,-3.5605,0.6176,0.6176
9.0891,-3.5599,0.6187,0.6187
9.0839,-3.5594,0.6201,0.6201
9.0787,-3.5591,0.6215,0.6215
9.0737,-3.5589,0.6229,0.6229
9.0686,-3.5589,0.6243,0.6243
9.0637,-3.5589,0.6257,0.6257
9.0587,-3.5590,0.6271,0.6271
9.0538,-3.5592,0.6285,0.6285
9.0489,-3.5595,0.6299,0.6299
9.0440,-3.5598,0.6313,0.6313
9.0391,-3.5601,0.6328,0.6328
9.0342,-3.5603,0.6345,0.6345
9.0294,-3.5606,0.6363,0.6363
9.0244,-3.5608,0.6380,0.6380
9.0195,-3.5610,0.6398,0.6398
9.0146,-3.5611,0.6415,0.6415
9.0096,-3.5611,0.6433,0.6433
9.0045,-3.5610,0.6451,0.6451
8.9994,-3.5608,0.6468,0.6468
8.9943,-3.5604,0.6486,0.6486
8.9891,-3.5599,0.6496,0.6496
8.9838,-3.5592,0.6472,0.6472
8.9785,-3.5585,0.6449,0.6449
8.9732,-3.5578,0.6425,0.6425
8.9679,-3.5572,0.6402,0.6402
8.9628,-3.5568,0.6378,0.6378
8.9577,-3.5566,0.6355,0.6355
8.9528,-3.5568,0.6331,0.6331
8.9480,-3.5575,0.6308,0.6308
8.9435,-3.5586,0.6284,0.6284
8.9392,-3.5604,0.6263,0.6263
8.9352,-3.5628,0.6250,0.6250
8.9315,-3.5657,0.6237,0.6237
8.9279,-3.5691,0.6224,0.6224
8.9244,-3.5729,0.6211,0.6211
8.9211,-3.5770,0.6198,0.6198
8.9179,-3.5812,0.6185,0.6185
8.9147,-3.5855,0.6172,0.6172
8.9114,-3.5898,0.6160,0.6160
8.9082,-3.5940,0.6147,0.6147
8.9048,-3.5980,0.6134,0.6134
8.9014,-3.6017,0.6121,0.6121
8.8977,-3.6050,0.6108,0.6108
8.8939,-3.6078,0.6095,0.6095
8.8898,-3.6101,0.6083,0.6083
8.8855,-3.6117,0.6093,0.6093
8.8809,-3.6127,0.6104,0.6104
8.8761,-3.6132,0.6114,0.6114
8.8711,-3.6133,0.6124,0.6124
8.8661,-3.6131,0.6134,0.6134
8.8609,-3.6126,0.6144,0.6144
8.8556,-3.6120,0.6155,0.6155
8.8503,-3.6113,0.6165,0.6165
8.8450,-3.6106,0.6175,0.6175
8.8398,-3.6100,0.6185,0.6185
8.8346,-3.6096,0.6185,0.6185
8.8295,-3.6093,0.6185,0.6185
8.8244,-3.6091,0.6185,0.6185
8.8194,-3.6091,0.6185,0.6185
8.8144,-3.6092,0.6185,0.6185
8.8095,-3.6093,0.6185,0.6185
8.8046,-3.6095,0.6185,0.6185
8.7996,-3.6097,0.6185,0.6185
8.7947,-3.6098,0.6185,0.6185
8.7898,-3.6100,0.6184,0.6184
8.7848,-3.6101,0.6174,0.6174
8.7798,-3.6102,0.6164,0.6164
8.7749,-3.6102,0.6154,0.6154
8.7699,-3.6102,0.6143,0.6143
8.7649,-3.6102,0.6133,0.6133
8.7598,-3.6102,0.6123,0.6123
8.7548,-3.6101,0.6113,0.6113
8.7498,-3.6101,0.6103,0.6103
8.7448,-3.6100,0.6092,0.6092
8.7398,-3.6100,0.6082,0.6082
8.7347,-3.6100,0.6076,0.6076
8.7297,-3.6099,0.6070,0.6070
8.7247,-3.6099,0.6064,0.6064
8.7197,-3.6099,0.6058,0.6058
8.7147,-3.6099,0.6051,0.6051
8.7097,-3.6100,0.6045,0.6045
8.7047,-3.6100,0.6039,0.6039
8.6997,-3.6100,0.6033,0.6033
8.6947,-3.6100,0.6027,0.6027
8.6897,-3.6100,0.6021,0.6021
8.6847,-3.6100,0.6019,0.6019
8.6797,-3.6100,0.6017,0.6017
8.6747,-3.6100,0.6014,0.6014
8.6697,-3.6100,0.6012,0.6012
8.6647,-3.6100,0.6010,0.6010
8.6597,-3.6100,0.6008,0.6008
8.6547,-3.6100,0.6006,0.6006
8.6497,-3.6100,0.6004,0.6004
8.6447,-3.6100,0.6002,0.6002
8.6397,-3.6100,0.6000,0.6000
8.6347,-3.6100,0.6000,0.6000
8.6297,-3.6100,0.6000,0.6000
8.6247,-3.6100,0.6000,0.6000
8.6198,-3.6100,0.6000,0.6000
8.6148,-3.6101,0.6000,0.6000
8.6098,-3.6101,0.6000,0.6000
8.6048,-3.6101,0.6000,0.6000
8.5997,-3.6100,0.6000,0.6000
8.5947,-3.6100,0.6000,0.6000
8.5897,-3.6100,0.6000,0.6000
8.5847,-3.6100,0.6000,0.6000
8.5797,-3.6099,0.6000,0.6000
8.5747,-3.6099,0.6000,0.6000
8.5696,-3.6098,0.6000,0.6000
8.5646,-3.6098,0.6000,0.6000
8.5596,-3.6098,0.6000,0.6000
8.5546,-3.6098,0.6000,0.6000
8.5496,-3.6098,0.6000,0.6000
8.5447,-3.6099,0.6000,0.6000
8.5397,-3.6100,0.6000,0.6000
8.5348,-3.6102,0.6000,0.6000
8.5299,-3.6103,0.6000,0.6000
8.5250,-3.6105,0.6000,0.6000
8.5200,-3.6107,0.6000,0.6000
8.5151,-3.6108,0.6000,0.6000
8.5101,-3.6108,0.6000,0.6000
8.5051,-3.6108,0.6000,0.6000
8.5000,-3.6106,0.6000,0.6000
8.4949,-3.6104,0.6000,0.6000
8.4897,-3.6100,0.6000,0.6000
8.4844,-3.6094,0.6000,0.6000
8.4791,-3.6088,0.6000,0.6000
8.4738,-3.6081,0.6000,0.6000
8.4685,-3.6075,0.6000,0.6000
8.4633,-3.6071,0.6000,0.6000
8.4582,-3.6069,0.6000,0.6000
8.4533,-3.6071,0.6000,0.6000
8.4485,-3.6076,0.6000,0.6000
8.4440,-3.6086,0.6000,0.6000
8.4397,-3.6101,0.6000,0.6000
8.4358,-3.6123,0.6000,0.6000
8.4320,-3.6149,0.6000,0.6000
8.4285,-3.6181,0.6000,0.6000
8.4251,-3.6216,0.6000,0.6000
8.4219,-3.6254,0.6000,0.6000
8.4187,-3.6294,0.6000,0.6000
8.4155,-3.6336,0.6000,0.6000
8.4124,-3.6378,0.6000,0.6000
8.4091,-3.6420,0.6000,0.6000
8.4058,-3.6461,0.6000,0.6000
8.4023,-3.6500,0.6000,0.6000
8.3986,-3.6536,0.6000,0.6000
8.3946,-3.6569,0.6000,0.6000
8.3903,-3.6598,0.6000,0.6000
8.3858,-3.6622,0.6000,0.6000
8.3809,-3.6640,0.6000,0.6000
8.3759,-3.6653,0.6000,0.6000
8.3707,-3.6661,0.6000,0.6000
8.3654,-3.6664,0.6000,0.6000
8.3601,-3.6662,0.6000,0.6000
8.3549,-3.6655,0.6000,0.6000
8.3498,-3.6642,0.6000,0.6000
8.3450,-3.6625,0.6000,0.6000
8.3403,-3.6602,0.6000,0.6000
8.3360,-3.6574,0.6001,0.6001
8.3320,-3.6542,0.6003,0.6003
8.3283,-3.6506,0.6004,0.6004
8.3248,-3.6467,0.6006,0.6006
8.3214,-3.6427,0.6007,0.6007
8.3181,-3.6385,0.6009,0.6009
8.3149,-3.6343,0.6010,0.6010
8.3118,-3.6301,0.6012,0.6012
8.3086,-3.6260,0.6013,0.6013
8.3054,-3.6222,0.6015,0.6015
8.3020,-3.6186,0.6016,0.6016
8.2985,-3.6154,0.6018,0.6018
8.2948,-3.6126,0.6019,0.6019
8.2909,-3.6104,0.6020,0.6020
8.2867,-3.6088,0.6026,0.6026
8.2822,-3.6077,0.6032,0.6032
8.2775,-3.6071,0.6038,0.6038
8.2726,-3.6069,0.6044,0.6044
8.2675,-3.6070,0.6050,0.6050
8.2623,-3.6074,0.6057,0.6057
8.2570,-3.6080,0.6063,0.6063
8.2517,-3.6086,0.6069,0.6069
8.2464,-3.6093,0.6075,0.6075
8.2411,-3.6099,0.6081,0.6081
8.2359,-3.6104,0.6091,0.6091
8.2307,-3.6107,0.6101,0.6101
8.2256,-3.6109,0.6111,0.6111
8.2206,-3.6110,0.6121,0.6121
8.2156,-3.6110,0.6132,0.6132
8.2106,-3.6109,0.6142,0.6142
8.2057,-3.6108,0.6152,0.6152
8.2008,-3.6106,0.6162,0.6162
8.1959,-3.6103,0.6172,0.6172
8.1910,-3.6101,0.6183,0.6183
8.1861,-3.6098,0.6196,0.6196
8.1813,-3.6095,0.6210,0.6210
8.1764,-3.6093,0.6224,0.6224
8.1714,-3.6091,0.6238,0.6238
8.1665,-3.6090,0.6252,0.6252
8.1615,-3.6090,0.6266,0.6266
8.1565,-3.6090,0.6280,0.6280
8.1514,-3.6092,0.6294,0.6294
8.1463,-3.6095,0.6308,0.6308
8.1411,-3.6099,0.6322,0.6322
8.1358,-3.6105,0.6338,0.6338
8.1306,-3.6112,0.6356,0.6356
8.1253,-3.6119,0.6374,0.6374
8.1200,-3.6125,0.6391,0.6391
8.1148,-3.6130,0.6409,0.6409
8.1097,-3.6133,0.6426,0.6426
8.1047,-3.6132,0.6444,0.6444
8.0999,-3.6128,0.6461,0.6461
8.0953,-3.6119,0.6479,0.6479
8.0909,-3.6104,0.6496,0.6496
8.0867,-3.6083,0.6487,0.6487
8.0829,-3.6056,0.6470,0.6470
8.0792,-3.6024,0.6454,0.6454
8.0757,-3.5988,0.6437,0.6437
8.0723,-3.5949,0.6420,0.6420
8.0690,-3.5908,0.6404,0.6404
8.0657,-3.5865,0.6387,0.6387
8.0625,-3.5823,0.6370,0.6370
8.0593,-3.5780,0.6354,0.6354
8.0560,-3.5739,0.6337,0.6337
8.0526,-3.5700,0.6321,0.6321
8.0490,-3.5665,0.6304,0.6304
8.0453,-3.5634,0.6287,0.6287
8.0414,-3.5608,0.6271,0.6271
8.0373,-3.5587,0.6280,0.6280
8.0328,-3.5573,0.6304,0.6304
8.0282,-3.5564,0.6327,0.6327
8.0234,-3.5560,0.6351,0.6351
8.0184,-3.5559,0.6374,0.6374
8.0133,-3.5562,0.6398,0.6398
8.0080,-3.5568,0.6421,0.6421
8.0027,-3.5576,0.6445,0.6445
7.9973,-3.5586,0.6468,0.6468
7.9919,-3.5596,0.6492,0.6492
7.9864,-3.5607,0.6514,0.6514
7.9810,-3.5618,0.6534,0.6534
7.9756,-3.5627,0.6555,0.6555
7.9703,-3.5635,0.6576,0.6576
7.9650,-3.5641,0.6597,0.6597
7.9599,-3.5643,0.6618,0.6618
7.9550,-3.5641,0.6639,0.6639
7.9502,-3.5635,0.6659,0.6659
7.9457,-3.5624,0.6680,0.6680
7.9414,-3.5607,0.6701,0.6701
7.9374,-3.5584,0.6699,0.6699
7.9336,-3.5554,0.6684,0.6684
7.9300,-3.5520,0.6669,0.6669
7.9266,-3.5481,0.6654,0.6654
7.9234,-3.5439,0.6640,0.6640
7.9202,-3.5396,0.6625,0.6625
7.9170,-3.5352,0.6610,0.6610
7.9138,-3.5307,0.6595,0.6595
7.9106,-3.5265,0.6581,0.6581
7.9073,-3.5224,0.6566,0.6566
7.9038,-3.5187,0.6551,0.6551
7.9001,-3.5155,0.6537,0.6537
7.8963,-3.5128,0.6522,0.6522
7.8921,-3.5107,0.6507,0.6507
7.8876,-3.5094,0.6511,0.6511
7.8829,-3.5089,0.6532,0.6532
7.8779,-3.5089,0.6552,0.6552
7.8727,-3.5092,0.6573,0.6573
7.8675,-3.5099,0.6594,0.6594
7.8622,-3.5106,0.6615,0.6615
7.8569,-3.5111,0.6636,0.6636
7.8518,-3.5115,0.6657,0.6657
7.8468,-3.5113,0.6677,0.6677
7.8421,-3.5106,0.6698,0.6698
7.8378,-3.5091,0.6701,0.6701
7.8337,-3.5069,0.6688,0.6688
7.8299,-3.5039,0.6675,0.6675
7.8263,-3.5005,0.6661,0.6661
7.8230,-3.4965,0.6648,0.6648
7.8197,-3.4923,0.6634,0.6634
7.8166,-3.4879,0.6621,0.6621
7.8134,-3.4834,0.6608,0.6608
7.8103,-3.4789,0.6594,0.6594
7.8071,-3.4746,0.6581,0.6581
7.8037,-3.4705,0.6568,0.6568
7.8002,-3.4669,0.6554,0.6554
7.7965,-3.4637,0.6541,0.6541
7.7926,-3.4612,0.6527,0.6527
7.7883,-3.4594,0.6519,0.6519
7.7838,-3.4584,0.6519,0.6519
7.7789,-3.4579,0.6519,0.6519
7.7739,-3.4580,0.6519,0.6519
7.7688,-3.4584,0.6519,0.6519
7.7635,-3.4590,0.6519,0.6519
7.7583,-3.4596,0.6519,0.6519
7.7530,-3.4601,0.6519,0.6519
7.7479,-3.4604,0.6519,0.6519
7.7430,-3.4603,0.6519,0.6519
7.7382,-3.4597,0.6524,0.6524
7.7337,-3.4585,0.6538,0.6538
7.7294,-3.4568,0.6551,0.6551
7.7253,-3.4545,0.6564,0.6564
7.7215,-3.4518,0.6578,0.6578
7.7178,-3.4487,0.6591,0.6591
7.7142,-3.4452,0.6605,0.6605
7.7108,-3.4414,0.6618,0.6618
7.7075,-3.4372,0.6631,0.6631
7.7043,-3.4329,0.6645,0.6645
7.7012,-3.4283,0.6658,0.6658
7.6982,-3.4235,0.6671,0.6671
7.6952,-3.4187,0.6685,0.6685
7.6922,-3.4138,0.6698,0.6698
7.6893,-3.4088,0.6705,0.6705
7.6863,-3.4038,0.6692,0.6692
7.6834,-3.3989,0.6678,0.6678
7.6803,-3.3941,0.6665,0.6665
7.6773,-3.3895,0.6651,0.6651
7.6741,-3.3850,0.6638,0.6638
7.6709,-3.3807,0.6625,0.6625
7.6675,-3.3767,0.6611,0.6611
7.6641,-3.3731,0.6598,0.6598
7.6604,-3.3697,0.6585,0.6585
7.6567,-3.3668,0.6571,0.6571
7.6527,-3.3643,0.6558,0.6558
7.6485,-3.3623,0.6545,0.6545
7.6441,-3.3608,0.6531,0.6531
7.6395,-3.3599,0.6521,0.6521
7.6346,-3.3596,0.6540,0.6540
7.6296,-3.3597,0.6559,0.6559
7.6244,-3.3601,0.6578,0.6578
7.6192,-3.3607,0.6597,0.6597
7.6139,-3.3613,0.6616,0.6616
7.6087,-3.3618,0.6635,0.6635
7.6036,-3.3620,0.6654,0.6654
7.5987,-3.3619,0.6672,0.6672
7.5940,-3.3612,0.6691,0.6691
7.5895,-3.3598,0.6708,0.6708
7.5854,-3.3577,0.6710,0.6710
7.5816,-3.3549,0.6711,0.6711
7.5780,-3.3515,0.6712,0.6712
7.5746,-3.3477,0.6714,0.6714
7.5713,-3.3435,0.6715,0.6715
7.5681,-3.3392,0.6716,0.6716
7.5649,-3.3347,0.6718,0.6718
7.5618,-3.3302,0.6719,0.6719
7.5586,-3.3259,0.6720,0.6720
7.5553,-3.3218,0.6722,0.6722
7.5518,-3.3180,0.6723,0.6723
7.5482,-3.3148,0.6724,0.6724
7.5443,-3.3121,0.6725,0.6725
7.5401,-3.3101,0.6727,0.6727
7.5356,-3.3088,0.6707,0.6707
7.5309,-3.3083,0.6686,0.6686
7.5259,-3.3082,0.6665,0.6665
7.5208,-3.3085,0.6644,0.6644
7.5155,-3.3091,0.6624,0.6624
7.5103,-3.3097,0.6603,0.6603
7.5050,-3.3103,0.6582,0.6582
7.4999,-3.3106,0.6561,0.6561
7.4949,-3.3106,0.6541,0.6541
7.4901,-3.3100,0.6520,0.6520
7.4856,-3.3088,0.6532,0.6532
7.4814,-3.3070,0.6546,0.6546
7.4774,-3.3047,0.6559,0.6559
7.4735,-3.3018,0.6572,0.6572
7.4699,-3.2986,0.6586,0.6586
7.4664,-3.2949,0.6599,0.6599
7.4630,-3.2910,0.6612,0.6612
7.4597,-3.2869,0.6626,0.6626
7.4565,-3.2826,0.6639,0.6639
7.4533,-3.2781,0.6652,0.6652
7.4502,-3.2737,0.6666,0.6666
7.4470,-3.2692,0.6679,0.6679
7.4438,-3.2649,0.6693,0.6693
7.4406,-3.2607,0.6706,0.6706
7.4372,-3.2567,0.6722,0.6722
7.4338,-3.2529,0.6739,0.6739
7.4303,-3.2493,0.6756,0.6756
7.4267,-3.2458,0.6773,0.6773
7.4231,-3.2424,0.6790,0.6790
7.4195,-3.2391,0.6806,0.6806
7.4159,-3.2358,0.6823,0.6823
7.4122,-3.2325,0.6840,0.6840
7.4086,-3.2292,0.6857,0.6857
7.4050,-3.2259,0.6874,0.6874
7.4014,-3.2224,0.6891,0.6891
7.3979,-3.2189,0.6907,0.6907
7.3944,-3.2151,0.6924,0.6924
7.3910,-3.2112,0.6941,0.6941
7.3877,-3.2071,0.6939,0.6939
7.3845,-3.2029,0.6929,0.6929
7.3813,-3.1984,0.6919,0.6919
7.3782,-3.1940,0.6908,0.6908
7.3750,-3.1895,0.6898,0.6898
7.3718,-3.1852,0.6888,0.6888
7.3686,-3.1809,0.6877,0.6877
7.3652,-3.1769,0.6867,0.6867
7.3618,-3.1731,0.6857,0.6857
7.3582,-3.1697,0.6846,0.6846
7.3545,-3.1666,0.6836,0.6836
7.3506,-3.1640,0.6826,0.6826
7.3464,-3.1620,0.6816,0.6816
7.3420,-3.1605,0.6805,0.6805
7.3374,-3.1596,0.6801,0.6801
7.3325,-3.1593,0.6801,0.6801
7.3274,-3.1595,0.6801,0.6801
7.3222,-3.1600,0.6801,0.6801
7.3170,-3.1606,0.6801,0.6801
7.3117,-3.1612,0.6801,0.6801
7.3065,-3.1617,0.6801,0.6801
7.3015,-3.1618,0.6801,0.6801
7.2966,-3.1615,0.6801,0.6801
7.2920,-3.1606,0.6801,0.6801
7.2876,-3.1590,0.6806,0.6806
7.2836,-3.1566,0.6817,0.6817
7.2799,-3.1536,0.6827,0.6827
7.2764,-3.1500,0.6837,0.6837
7.2730,-3.1460,0.6848,0.6848
7.2698,-3.1418,0.6858,0.6858
7.2666,-3.1374,0.6868,0.6868
7.2635,-3.1329,0.6878,0.6878
7.2603,-3.1284,0.6889,0.6889
7.2571,-3.1241,0.6899,0.6899
7.2537,-3.1202,0.6909,0.6909
7.2502,-3.1166,0.6920,0.6920
7.2465,-3.1135,0.6930,0.6930
7.2425,-3.1111,0.6940,0.6940
7.2382,-3.1094,0.6936,0.6936
7.2336,-3.1085,0.6913,0.6913
7.2287,-3.1081,0.6889,0.6889
7.2237,-3.1082,0.6865,0.6865
7.2185,-3.1087,0.6841,0.6841
7.2132,-3.1093,0.6817,0.6817
7.2080,-3.1099,0.6793,0.6793
7.2028,-3.1104,0.6770,0.6770
7.1977,-3.1106,0.6746,0.6746
7.1928,-3.1104,0.6722,0.6722
7.1881,-3.1096,0.6715,0.6715
7.1837,-3.1082,0.6732,0.6732
7.1795,-3.1062,0.6749,0.6749
7.1755,-3.1037,0.6766,0.6766
7.1717,-3.1008,0.6783,0.6783
7.1681,-3.0974,0.6799,0.6799
7.1647,-3.0937,0.6816,0.6816
7.1613,-3.0897,0.6833,0.6833
7.1580,-3.0855,0.6850,0.6850
7.1549,-3.0812,0.6867,0.6867
7.1517,-3.0767,0.6884,0.6884
7.1486,-3.0721,0.6900,0.6900
7.1455,-3.0676,0.6917,0.6917
7.1423,-3.0631,0.6934,0.6934
7.1391,-3.0588,0.6950,0.6950
7.1358,-3.0546,0.6965,0.6965
7.1325,-3.0506,0.6980,0.6980
7.1291,-3.0467,0.6996,0.6996
7.1257,-3.0429,0.7011,0.7011
7.1222,-3.0393,0.7026,0.7026
7.1187,-3.0357,0.7041,0.7041
7.1151,-3.0323,0.7056,0.7056
7.1115,-3.0289,0.7071,0.7071
7.1079,-3.0256,0.7086,0.7086
7.1042,-3.0223,0.7101,0.7101
7.1005,-3.0191,0.7116,0.7116
7.0969,-3.0159,0.7131,0.7131
7.0932,-3.0127,0.7146,0.7146
7.0895,-3.0096,0.7161,0.7161
7.0858,-3.0064,0.7177,0.7177
7.0821,-3.0032,0.7193,0.7193
7.0784,-3.0000,0.7209,0.7209
7.0748,-2.9968,0.7224,0.7224
7.0711,-2.9935,0.7240,0.7240
7.0675,-2.9901,0.7256,0.7256
7.0639,-2.9867,0.7272,0.7272
7.0604,-2.9832,0.7288,0.7288
7.0569,-2.9796,0.7303,0.7303
7.0534,-2.9759,0.7319,0.7319
7.0500,-2.9721,0.7335,0.7335
7.0466,-2.9682,0.7351,0.7351
7.0433,-2.9642,0.7367,0.7367
7.0400,-2.9600,0.7382,0.7382
7.0368,-2.9557,0.7386,0.7386
7.0336,-2.9512,0.7390,0.7390
7.0305,-2.9468,0.7393,0.7393
7.0273,-2.9423,0.7397,0.7397
7.0241,-2.9379,0.7400,0.7400
7.0209,-2.9336,0.7404,0.7404
7.0176,-2.9295,0.7407,0.7407
7.0142,-2.9257,0.7411,0.7411
7.0107,-2.9221,0.7415,0.7415
7.0071,-2.9188,0.7418,0.7418
7.0033,-2.9159,0.7422,0.7422
6.9993,-2.9135,0.7425,0.7425
6.9951,-2.9115,0.7429,0.7429
6.9906,-2.9101,0.7433,0.7433
6.9860,-2.9093,0.7414,0.7414
6.9811,-2.9090,0.7392,0.7392
6.9761,-2.9091,0.7370,0.7370
6.9709,-2.9095,0.7347,0.7347
6.9657,-2.9100,0.7325,0.7325
6.9605,-2.9105,0.7303,0.7303
6.9553,-2.9108,0.7281,0.7281
6.9503,-2.9110,0.7259,0.7259
6.9454,-2.9108,0.7236,0.7236
6.9406,-2.9101,0.7214,0.7214
6.9361,-2.9089,0.7222,0.7222
6.9319,-2.9071,0.7234,0.7234
6.9279,-2.9047,0.7246,0.7246
6.9240,-2.9020,0.7258,0.7258
6.9203,-2.8988,0.7270,0.7270
6.9168,-2.8952,0.7282,0.7282
6.9134,-2.8914,0.7294,0.7294
6.9101,-2.8874,0.7306,0.7306
6.9068,-2.8831,0.7318,0.7318
6.9036,-2.8788,0.7331,0.7331
6.9005,-2.8743,0.7343,0.7343
6.8973,-2.8699,0.7355,0.7355
6.8941,-2.8655,0.7367,0.7367
6.8909,-2.8612,0.7379,0.7379
6.8876,-2.8570,0.7394,0.7394
6.8843,-2.8530,0.7411,0.7411
6.8809,-2.8491,0.7427,0.7427
6.8774,-2.8454,0.7444,0.7444
6.8739,-2.8418,0.7460,0.7460
6.8704,-2.8383,0.7477,0.7477
6.8668,-2.8348,0.7493,0.7493
6.8632,-2.8314,0.7510,0.7510
6.8596,-2.8280,0.7526,0.7526
6.8560,-2.8247,0.7543,0.7543
6.8524,-2.8214,0.7559,0.7559
6.8487,-2.8181,0.7576,0.7576
6.8451,-2.8148,0.7592,0.7592
6.8415,-2.8114,0.7609,0.7609
6.8379,-2.8080,0.7624,0.7624
6.8343,-2.8045,0.7638,0.7638
6.8308,-2.8010,0.7651,0.7651
6.8273,-2.7975,0.7665,0.7665
6.8237,-2.7939,0.7679,0.7679
6.8202,-2.7903,0.7693,0.7693
6.8167,-2.7867,0.7706,0.7706
6.8132,-2.7831,0.7720,0.7720
6.8097,-2.7795,0.7734,0.7734
6.8062,-2.7759,0.7748,0.7748
6.8027,-2.7724,0.7761,0.7761
6.7991,-2.7688,0.7775,0.7775
6.7956,-2.7653,0.7789,0.7789
6.7920,-2.7619,0.7803,0.7803
6.7884,-2.7585,0.7813,0.7813
6.7848,-2.7552,0.7820,0.7820
6.7811,-2.7518,0.7827,0.7827
6.7775,-2.7486,0.7834,0.7834
6.7739,-2.7453,0.7840,0.7840
6.7702,-2.7420,0.7847,0.7847
6.7666,-2.7386,0.7854,0.7854
6.7630,-2.7352,0.7861,0.7861
6.7595,-2.7318,0.7867,0.7867
6.7559,-2.7282,0.7874,0.7874
6.7524,-2.7246,0.7881,0.7881
6.7490,-2.7208,0.7888,0.7888
6.7456,-2.7170,0.7894,0.7894
6.7423,-2.7129,0.7901,0.7901
6.7390,-2.7087,0.7904,0.7904
6.7358,-2.7043,0.7898,0.7898
6.7327,-2.6998,0.7893,0.7893
6.7295,-2.6953,0.7887,0.7887
6.7264,-2.6908,0.7881,0.7881
6.7232,-2.6864,0.7876,0.7876
6.7200,-2.6821,0.7870,0.7870
6.7167,-2.6780,0.7865,0.7865
6.7133,-2.6742,0.7859,0.7859
6.7098,-2.6707,0.7853,0.7853
6.7061,-2.6675,0.7848,0.7848
6.7022,-2.6648,0.7842,0.7842
6.6981,-2.6626,0.7837,0.7837
6.6938,-2.6609,0.7831,0.7831
6.6892,-2.6599,0.7826,0.7826
6.6844,-2.6594,0.7826,0.7826
6.6794,-2.6595,0.7826,0.7826
6.6742,-2.6599,0.7826,0.7826
6.6690,-2.6605,0.7826,0.7826
6.6637,-2.6611,0.7826,0.7826
6.6585,-2.6617,0.7826,0.7826
6.6534,-2.6619,0.7826,0.7826
6.6484,-2.6618,0.7826,0.7826
6.6437,-2.6611,0.7826,0.7826
6.6393,-2.6597,0.7825,0.7825
6.6352,-2.6575,0.7821,0.7821
6.6314,-2.6547,0.7816,0.7816
6.6278,-2.6512,0.7812,0.7812
6.6244,-2.6473,0.7807,0.7807
6.6212,-2.6431,0.7803,0.7803
6.6180,-2.6387,0.7798,0.7798
6.6149,-2.6341,0.7794,0.7794
6.6117,-2.6296,0.7789,0.7789
6.6085,-2.6253,0.7785,0.7785
6.6052,-2.6212,0.7780,0.7780
6.6017,-2.6175,0.7776,0.7776
6.5981,-2.6143,0.7771,0.7771
6.5941,-2.6118,0.7766,0.7766
6.5899,-2.6100,0.7762,0.7762
6.5853,-2.6090,0.7769,0.7769
6.5804,-2.6087,0.7775,0.7775
6.5753,-2.6089,0.7782,0.7782
6.5701,-2.6094,0.7788,0.7788
6.5648,-2.6101,0.7794,0.7794
6.5595,-2.6108,0.7801,0.7801
6.5543,-2.6113,0.7807,0.7807
6.5493,-2.6114,0.7814,0.7814
6.5444,-2.6110,0.7820,0.7820
6.5399,-2.6100,0.7826,0.7826
6.5357,-2.6080,0.7811,0.7811
6.5318,-2.6054,0.7796,0.7796
6.5281,-2.6021,0.7781,0.7781
6.5247,-2.5983,0.7766,0.7766
6.5214,-2.5941,0.7751,0.7751
6.5182,-2.5897,0.7736,0.7736
6.5151,-2.5851,0.7722,0.7722
6.5120,-2.5806,0.7707,0.7707
6.5088,-2.5762,0.7692,0.7692
6.5056,-2.5720,0.7677,0.7677
6.5022,-2.5682,0.7662,0.7662
6.4985,-2.5648,0.7647,0.7647
6.4947,-2.5621,0.7632,0.7632
6.4905,-2.5602,0.7617,0.7617
6.4859,-2.5590,0.7629,0.7629
6.4811,-2.5586,0.7643,0.7643
6.4761,-2.5587,0.7658,0.7658
6.4709,-2.5592,0.7673,0.7673
6.4656,-2.5599,0.7687,0.7687
6.4603,-2.5606,0.7702,0.7702
6.4550,-2.5612,0.7717,0.7717
6.4499,-2.5614,0.7731,0.7731
6.4451,-2.5611,0.7746,0.7746
6.4405,-2.5602,0.7761,0.7761
6.4362,-2.5584,0.7741,0.7741
6.4323,-2.5558,0.7718,0.7718
6.4286,-2.5526,0.7695,0.7695
6.4251,-2.5489,0.7671,0.7671
6.4218,-2.5447,0.7648,0.7648
6.4187,-2.5403,0.7625,0.7625
6.4155,-2.5358,0.7602,0.7602
6.4124,-2.5312,0.7578,0.7578
6.4093,-2.5268,0.7555,0.7555
6.4060,-2.5226,0.7532,0.7532
6.4026,-2.5187,0.7509,0.7509
6.3990,-2.5153,0.7485,0.7485
6.3952,-2.5125,0.7462,0.7462
6.3911,-2.5104,0.7439,0.7439
6.3866,-2.5091,0.7447,0.7447
6.3818,-2.5086,0.7465,0.7465
6.3768,-2.5087,0.7483,0.7483
6.3716,-2.5091,0.7502,0.7502
6.3663,-2.5098,0.7520,0.7520
6.3610,-2.5105,0.7538,0.7538
6.3558,-2.5111,0.7556,0.7556
6.3506,-2.5114,0.7575,0.7575
6.3457,-2.5112,0.7593,0.7593
6.3411,-2.5103,0.7611,0.7611
6.3368,-2.5087,0.7598,0.7598
6.3328,-2.5062,0.7574,0.7574
6.3291,-2.5031,0.7550,0.7550
6.3256,-2.4995,0.7527,0.7527
6.3223,-2.4954,0.7503,0.7503
6.3191,-2.4911,0.7479,0.7479
6.3159,-2.4865,0.7455,0.7455
6.3128,-2.4820,0.7432,0.7432
6.3097,-2.4775,0.7408,0.7408
6.3064,-2.4732,0.7384,0.7384
6.3031,-2.4693,0.7360,0.7360
6.2995,-2.4658,0.7337,0.7337
6.2957,-2.4629,0.7313,0.7313
6.2916,-2.4606,0.7289,0.7289
6.2872,-2.4592,0.7290,0.7290
6.2825,-2.4586,0.7305,0.7305
6.2775,-2.4585,0.7320,0.7320
6.2724,-2.4588,0.7335,0.7335
6.2671,-2.4594,0.7351,0.7351
6.2618,-2.4601,0.7366,0.7366
6.2566,-2.4608,0.7381,0.7381
6.2514,-2.4611,0.7397,0.7397
6.2465,-2.4611,0.7412,0.7412
6.2417,-2.4604,0.7427,0.7427
6.2373,-2.4591,0.7421,0.7421
6.2332,-2.4569,0.7402,0.7402
6.2293,-2.4541,0.7382,0.7382
6.2257,-2.4508,0.7363,0.7363
6.2222,-2.4471,0.7343,0.7343
6.2189,-2.4430,0.7324,0.7324
6.2157,-2.4387,0.7305,0.7305
6.2125,-2.4343,0.7285,0.7285
6.2094,-2.4299,0.7266,0.7266
6.2062,-2.4255,0.7247,0.7247
6.2029,-2.4214,0.7227,0.7227
6.1995,-2.4176,0.7208,0.7208
6.1959,-2.4142,0.7188,0.7188
6.1921,-2.4113,0.7169,0.7169
6.1880,-2.4090,0.7165,0.7165
6.1837,-2.4074,0.7177,0.7177
6.1791,-2.4063,0.7189,0.7189
6.1743,-2.4058,0.7201,0.7201
6.1694,-2.4057,0.7213,0.7213
6.1643,-2.4059,0.7225,0.7225
6.1590,-2.4065,0.7237,0.7237
6.1537,-2.4073,0.7250,0.7250
6.1483,-2.4083,0.7262,0.7262
6.1428,-2.4094,0.7274,0.7274
6.1374,-2.4105,0.7285,0.7285
6.1319,-2.4116,0.7295,0.7295
6.1265,-2.4126,0.7306,0.7306
6.1211,-2.4135,0.7316,0.7316
6.1159,-2.4141,0.7326,0.7326
6.1108,-2.4143,0.7336,0.7336
6.1058,-2.4142,0.7346,0.7346
6.1010,-2.4137,0.7357,0.7357
6.0965,-2.4127,0.7367,0.7367
6.0921,-2.4111,0.7377,0.7377
6.0881,-2.4088,0.7370,0.7370
6.0843,-2.4060,0.7344,0.7344
6.0807,-2.4026,0.7318,0.7318
6.0772,-2.3987,0.7293,0.7293
6.0739,-2.3946,0.7267,0.7267
6.0707,-2.3903,0.7241,0.7241
6.0676,-2.3859,0.7215,0.7215
6.0644,-2.3815,0.7189,0.7189
6.0612,-2.3771,0.7164,0.7164
6.0579,-2.3731,0.7138,0.7138
6.0544,-2.3693,0.7112,0.7112
6.0508,-2.3660,0.7086,0.7086
6.0470,-2.3632,0.7060,0.7060
6.0429,-2.3610,0.7035,0.7035
6.0384,-2.3596,0.7017,0.7017
6.0337,-2.3589,0.7015,0.7015
6.0287,-2.3589,0.7014,0.7014
6.0236,-2.3592,0.7012,0.7012
6.0183,-2.3598,0.7010,0.7010
6.0131,-2.3605,0.7008,0.7008
6.0078,-2.3611,0.7007,0.7007
6.0026,-2.3615,0.7005,0.7005
5.9977,-2.3614,0.7003,0.7003
5.9929,-2.3608,0.7001,0.7001
5.9885,-2.3594,0.6988,0.6988
5.9844,-2.3572,0.6952,0.6952
5.9806,-2.3544,0.6917,0.6917
5.9770,-2.3509,0.6882,0.6882
5.9737,-2.3470,0.6846,0.6846
5.9704,-2.3427,0.6811,0.6811
5.9673,-2.3383,0.6776,0.6776
5.9641,-2.3337,0.6740,0.6740
5.9610,-2.3292,0.6705,0.6705
5.9578,-2.3249,0.6669,0.6669
5.9545,-2.3208,0.6634,0.6634
5.9510,-2.3171,0.6599,0.6599
5.9473,-2.3140,0.6563,0.6563
5.9434,-2.3115,0.6528,0.6528
5.9391,-2.3097,0.6500,0.6500
5.9345,-2.3088,0.6500,0.6500
5.9296,-2.3085,0.6500,0.6500
5.9245,-2.3087,0.6500,0.6500
5.9193,-2.3092,0.6500,0.6500
5.9140,-2.3099,0.6500,0.6500
5.9087,-2.3105,0.6500,0.6500
5.9035,-2.3110,0.6500,0.6500
5.8985,-2.3112,0.6500,0.6500
5.8936,-2.3108,0.6500,0.6500
5.8891,-2.3097,0.6493,0.6493
5.8848,-2.3079,0.6457,0.6457
5.8809,-2.3053,0.6422,0.6422
5.8772,-2.3022,0.6386,0.6386
5.8736,-2.2986,0.6351,0.6351
5.8703,-2.2947,0.6316,0.6316
5.8670,-2.2905,0.6280,0.6280
5.8638,-2.2861,0.6245,0.6245
5.8607,-2.2816,0.6210,0.6210
5.8575,-2.2773,0.6174,0.6174
5.8543,-2.2730,0.6139,0.6139
5.8509,-2.2691,0.6104,0.6104
5.8474,-2.2655,0.6068,0.6068
5.8437,-2.2624,0.6033,0.6033
5.8397,-2.2598,0.6000,0.6000
5.8355,-2.2580,0.6000,0.6000
5.8310,-2.2567,0.6000,0.6000
5.8263,-2.2560,0.6000,0.6000
5.8214,-2.2557,0.6000,0.6000
5.8164,-2.2558,0.6000,0.6000
5.8112,-2.2563,0.6000,0.6000
5.8059,-2.2570,0.6000,0.6000
5.8005,-2.2579,0.6000,0.6000
5.7951,-2.2590,0.6000,0.6000
5.7896,-2.2601,0.6000,0.6000
5.7842,-2.2612,0.6000,0.6000
5.7787,-2.2622,0.6000,0.6000
5.7734,-2.2630,0.6000,0.6000
5.7681,-2.2637,0.6000,0.6000
5.7629,-2.2641,0.6000,0.6000
5.7579,-2.2641,0.6000,0.6000
5.7531,-2.2638,0.6000,0.6000
5.7484,-2.2630,0.6000,0.6000
5.7439,-2.2617,0.6000,0.6000
5.7397,-2.2598,0.5997,0.5997
5.7357,-2.2574,0.5964,0.5964
5.7320,-2.2543,0.5930,0.5930
5.7284,-2.2509,0.5896,0.5896
5.7250,-2.2471,0.5862,0.5862
5.7216,-2.2430,0.5829,0.5829
5.7184,-2.2388,0.5795,0.5795
5.7152,-2.2345,0.5761,0.5761
5.7119,-2.2302,0.5727,0.5727
5.7087,-2.2261,0.5694,0.5694
5.7053,-2.2221,0.5660,0.5660
5.7018,-2.2184,0.5626,0.5626
5.6982,-2.2151,0.5592,0.5592
5.6943,-2.2123,0.5559,0.5559
5.6903,-2.2101,0.5525,0.5525
5.6859,-2.2085,0.5529,0.5529
5.6813,-2.2075,0.5536,0.5536
5.6765,-2.2070,0.5543,0.5543
5.6716,-2.2070,0.5549,0.5549
5.6665,-2.2072,0.5556,0.5556
5.6613,-2.2076,0.5563,0.5563
5.6560,-2.2082,0.5570,0.5570
5.6508,-2.2089,0.5576,0.5576
5.6455,-2.2095,0.5583,0.5583
5.6403,-2.2100,0.5590,0.5590
5.6352,-2.2103,0.5601,0.5601
5.6302,-2.2103,0.5612,0.5612
5.6252,-2.2103,0.5623,0.5623
5.6202,-2.2102,0.5634,0.5634
5.6153,-2.2100,0.5645,0.5645
5.6104,-2.2098,0.5656,0.5656
5.6054,-2.2097,0.5667,0.5667
5.6005,-2.2096,0.5678,0.5678
5.5954,-2.2097,0.5689,0.5689
5.5903,-2.2100,0.5700,0.5700
5.5851,-2.2105,0.5715,0.5715
5.5799,-2.2111,0.5730,0.5730
5.5746,-2.2117,0.5745,0.5745
5.5693,-2.2124,0.5761,0.5761
5.5641,-2.2129,0.5776,0.5776
5.5590,-2.2131,0.5791,0.5791
5.5540,-2.2131,0.5806,0.5806
5.5492,-2.2126,0.5821,0.5821
5.5446,-2.2117,0.5836,0.5836
5.5402,-2.2101,0.5851,0.5851
5.5362,-2.2079,0.5830,0.5830
5.5323,-2.2051,0.5807,0.5807
5.5287,-2.2018,0.5784,0.5784
5.5252,-2.1981,0.5760,0.5760
5.5219,-2.1941,0.5737,0.5737
5.5186,-2.1899,0.5714,0.5714
5.5154,-2.1856,0.5690,0.5690
5.5122,-2.1812,0.5667,0.5667
5.5090,-2.1770,0.5644,0.5644
5.5056,-2.1729,0.5621,0.5621
5.5022,-2.1691,0.5597,0.5597
5.4986,-2.1657,0.5574,0.5574
5.4948,-2.1628,0.5551,0.5551
5.4908,-2.1604,0.5527,0.5527
5.4865,-2.1587,0.5528,0.5528
5.4820,-2.1576,0.5535,0.5535
5.4772,-2.1570,0.5542,0.5542
5.4723,-2.1569,0.5548,0.5548
5.4672,-2.1571,0.5555,0.5555
5.4620,-2.1575,0.5562,0.5562
5.4568,-2.1581,0.5569,0.5569
5.4515,-2.1588,0.5575,0.5575
5.4462,-2.1594,0.5582,0.5582
5.4410,-2.1599,0.5589,0.5589
5.4359,-2.1602,0.5599,0.5599
5.4308,-2.1604,0.5610,0.5610
5.4258,-2.1603,0.5621,0.5621
5.4209,-2.1602,0.5632,0.5632
5.4160,-2.1600,0.5643,0.5643
5.4110,-2.1599,0.5654,0.5654
5.4061,-2.1597,0.5666,0.5666
5.4011,-2.1596,0.5677,0.5677
5.3961,-2.1597,0.5688,0.5688
5.3910,-2.1599,0.5699,0.5699
5.3858,-2.1604,0.5711,0.5711
5.3806,-2.1610,0.5724,0.5724
5.3753,-2.1616,0.5737,0.5737
5.3700,-2.1623,0.5750,0.5750
5.3648,-2.1628,0.5763,0.5763
5.3597,-2.1631,0.5776,0.5776
5.3547,-2.1631,0.5789,0.5789
5.3498,-2.1627,0.5802,0.5802
5.3452,-2.1618,0.5815,0.5815
5.3408,-2.1603,0.5828,0.5828
5.3367,-2.1582,0.5813,0.5813
5.3328,-2.1555,0.5792,0.5792
5.3291,-2.1523,0.5770,0.5770
5.3256,-2.1487,0.5748,0.5748
5.3223,-2.1447,0.5726,0.5726
5.3190,-2.1405,0.5704,0.5704
5.3158,-2.1362,0.5682,0.5682
5.3126,-2.1319,0.5661,0.5661
5.3093,-2.1277,0.5639,0.5639
5.3060,-2.1235,0.5617,0.5617
5.3026,-2.1197,0.5595,0.5595
5.2991,-2.1162,0.5573,0.5573
5.2953,-2.1132,0.5552,0.5552
5.2914,-2.1107,0.5530,0.5530
5.2871,-2.1088,0.5527,0.5527
5.2826,-2.1076,0.5534,0.5534
5.2779,-2.1069,0.5541,0.5541
5.2730,-2.1066,0.5547,0.5547
5.2680,-2.1067,0.5554,0.5554
5.2628,-2.1071,0.5561,0.5561
5.2576,-2.1077,0.5568,0.5568
5.2523,-2.1084,0.5574,0.5574
5.2470,-2.1091,0.5581,0.5581
5.2417,-2.1098,0.5588,0.5588
5.2365,-2.1103,0.5590,0.5590
5.2313,-2.1107,0.5590,0.5590
5.2262,-2.1110,0.5590,0.5590
5.2212,-2.1111,0.5590,0.5590
5.2162,-2.1111,0.5590,0.5590
5.2112,-2.1110,0.5590,0.5590
5.2063,-2.1108,0.5590,0.5590
5.2014,-2.1106,0.5590,0.5590
5.1965,-2.1104,0.5590,0.5590
5.1916,-2.1101,0.5590,0.5590
5.1867,-2.1098,0.5576,0.5576
5.1818,-2.1095,0.5556,0.5556
5.1769,-2.1093,0.5535,0.5535
5.1720,-2.1091,0.5515,0.5515
5.1670,-2.1090,0.5494,0.5494
5.1621,-2.1089,0.5474,0.5474
5.1571,-2.1090,0.5453,0.5453
5.1520,-2.1091,0.5433,0.5433
5.1469,-2.1094,0.5412,0.5412
5.1417,-2.1098,0.5392,0.5392
5.1364,-2.1104,0.5374,0.5374
5.1312,-2.1111,0.5357,0.5357
5.1259,-2.1118,0.5341,0.5341
5.1206,-2.1125,0.5324,0.5324
5.1154,-2.1130,0.5308,0.5308
5.1102,-2.1133,0.5291,0.5291
5.1052,-2.1133,0.5275,0.5275
5.1004,-2.1129,0.5258,0.5258
5.0958,-2.1120,0.5242,0.5242
5.0914,-2.1106,0.5225,0.5225
5.0872,-2.1085,0.5238,0.5238
5.0833,-2.1058,0.5264,0.5264
5.0796,-2.1027,0.5290,0.5290
5.0761,-2.0990,0.5316,0.5316
5.0728,-2.0951,0.5343,0.5343
5.0695,-2.0910,0.5369,0.5369
5.0663,-2.0867,0.5395,0.5395
5.0631,-2.0823,0.5421,0.5421
5.0598,-2.0781,0.5447,0.5447
5.0565,-2.0740,0.5473,0.5473
5.0531,-2.0701,0.5500,0.5500
5.0496,-2.0666,0.5526,0.5526
5.0459,-2.0635,0.5552,0.5552
5.0419,-2.0610,0.5578,0.5578
5.0377,-2.0590,0.5587,0.5587
5.0332,-2.0578,0.5580,0.5580
5.0285,-2.0570,0.5573,0.5573
5.0237,-2.0567,0.5566,0.5566
5.0186,-2.0568,0.5560,0.5560
5.0135,-2.0571,0.5553,0.5553
5.0082,-2.0577,0.5546,0.5546
5.0030,-2.0584,0.5539,0.5539
4.9977,-2.0591,0.5533,0.5533
4.9924,-2.0597,0.5526,0.5526
4.9872,-2.0603,0.5521,0.5521
4.9820,-2.0606,0.5519,0.5519
4.9770,-2.0608,0.5517,0.5517
4.9719,-2.0609,0.5515,0.5515
4.9669,-2.0609,0.5512,0.5512
4.9620,-2.0608,0.5510,0.5510
4.9570,-2.0606,0.5508,0.5508
4.9521,-2.0604,0.5506,0.5506
4.9472,-2.0602,0.5503,0.5503
4.9423,-2.0601,0.5501,0.5501
4.9373,-2.0599,0.5500,0.5500
4.9323,-2.0598,0.5500,0.5500
4.9274,-2.0598,0.5500,0.5500
4.9224,-2.0598,0.5500,0.5500
4.9174,-2.0598,0.5500,0.5500
4.9124,-2.0598,0.5500,0.5500
4.9073,-2.0599,0.5500,0.5500
4.9023,-2.0599,0.5500,0.5500
4.8973,-2.0599,0.5500,0.5500
4.8923,-2.0600,0.5500,0.5500
4.8873,-2.0600,0.5500,0.5500
4.8823,-2.0600,0.5500,0.5500
4.8773,-2.0600,0.5500,0.5500
4.8723,-2.0600,0.5500,0.5500
4.8673,-2.0600,0.5500,0.5500
4.8623,-2.0600,0.5500,0.5500
4.8573,-2.0600,0.5500,0.5500
4.8523,-2.0600,0.5500,0.5500
4.8473,-2.0600,0.5500,0.5500
4.8423,-2.0600,0.5500,0.5500
4.8373,-2.0600,0.5494,0.5494
4.8322,-2.0601,0.5482,0.5482
4.8272,-2.0601,0.5471,0.5471
4.8222,-2.0602,0.5459,0.5459
4.8172,-2.0602,0.5448,0.5448
4.8122,-2.0602,0.5436,0.5436
4.8072,-2.0602,0.5425,0.5425
4.8022,-2.0602,0.5413,0.5413
4.7972,-2.0602,0.5402,0.5402
4.7922,-2.0601,0.5390,0.5390
4.7873,-2.0599,0.5376,0.5376
4.7824,-2.0597,0.5360,0.5360
4.7774,-2.0596,0.5343,0.5343
4.7725,-2.0594,0.5327,0.5327
4.7676,-2.0592,0.5310,0.5310
4.7626,-2.0591,0.5294,0.5294
4.7576,-2.0591,0.5277,0.5277
4.7526,-2.0592,0.5261,0.5261
4.7475,-2.0594,0.5244,0.5244
4.7423,-2.0598,0.5228,0.5228
4.7371,-2.0603,0.5213,0.5213
4.7318,-2.0610,0.5201,0.5201
4.7265,-2.0617,0.5189,0.5189
4.7213,-2.0624,0.5177,0.5177
4.7160,-2.0629,0.5165,0.5165
4.7109,-2.0632,0.5153,0.5153
4.7059,-2.0633,0.5141,0.5141
4.7010,-2.0630,0.5129,0.5129
4.6963,-2.0622,0.5117,0.5117
4.6919,-2.0608,0.5104,0.5104
4.6877,-2.0588,0.5116,0.5116
4.6838,-2.0562,0.5146,0.5146
4.6801,-2.0531,0.5176,0.5176
4.6766,-2.0495,0.5205,0.5205
4.6732,-2.0456,0.5235,0.5235
4.6699,-2.0415,0.5265,0.5265
4.6667,-2.0372,0.5295,0.5295
4.6634,-2.0329,0.5325,0.5325
4.6602,-2.0286,0.5355,0.5355
4.6569,-2.0245,0.5385,0.5385
4.6535,-2.0206,0.5415,0.5415
4.6500,-2.0170,0.5445,0.5445
4.6463,-2.0139,0.5475,0.5475
4.6424,-2.0113,0.5505,0.5505
4.6382,-2.0092,0.5522,0.5522
4.6338,-2.0079,0.5519,0.5519
4.6291,-2.0071,0.5517,0.5517
4.6243,-2.0067,0.5515,0.5515
4.6193,-2.0068,0.5513,0.5513
4.6141,-2.0071,0.5510,0.5510
4.6089,-2.0076,0.5508,0.5508
4.6036,-2.0083,0.5506,0.5506
4.5983,-2.0090,0.5504,0.5504
4.5931,-2.0097,0.5501,0.5501
4.5878,-2.0102,0.5501,0.5501
4.5827,-2.0106,0.5503,0.5503
4.5776,-2.0108,0.5505,0.5505
4.5726,-2.0109,0.5508,0.5508
4.5676,-2.0109,0.5510,0.5510
4.5626,-2.0108,0.5512,0.5512
4.5576,-2.0106,0.5515,0.5515
4.5527,-2.0105,0.5517,0.5517
4.5478,-2.0103,0.5519,0.5519
4.5429,-2.0101,0.5521,0.5521
4.5379,-2.0099,0.5526,0.5526
4.5330,-2.0098,0.5532,0.5532
4.5280,-2.0098,0.5539,0.5539
4.5230,-2.0098,0.5546,0.5546
4.5180,-2.0098,0.5553,0.5553
4.5130,-2.0098,0.5559,0.5559
4.5080,-2.0098,0.5566,0.5566
4.5029,-2.0099,0.5573,0.5573
4.4979,-2.0099,0.5580,0.5580
4.4929,-2.0100,0.5586,0.5586
4.4879,-2.0100,0.5590,0.5590
4.4829,-2.0101,0.5590,0.5590
4.4779,-2.0101,0.5590,0.5590
4.4729,-2.0101,0.5590,0.5590
4.4679,-2.0101,0.5590,0.5590
4.4629,-2.0101,0.5590,0.5590
4.4579,-2.0101,0.5590,0.5590
4.4529,-2.0101,0.5590,0.5590
4.4479,-2.0101,0.5590,0.5590
4.4429,-2.0100,0.5590,0.5590
4.4379,-2.0100,0.5587,0.5587
4.4329,-2.0099,0.5581,0.5581
4.4278,-2.0099,0.5574,0.5574
4.4228,-2.0098,0.5567,0.5567
4.4178,-2.0098,0.5560,0.5560
4.4128,-2.0098,0.5554,0.5554
4.4078,-2.0097,0.5547,0.5547
4.4028,-2.0098,0.5540,0.5540
4.3978,-2.0098,0.5533,0.5533
4.3928,-2.0099,0.5527,0.5527
4.3879,-2.0101,0.5522,0.5522
4.3830,-2.0102,0.5519,0.5519
4.3780,-2.0104,0.5517,0.5517
4.3731,-2.0106,0.5515,0.5515
4.3682,-2.0108,0.5513,0.5513
4.3632,-2.0109,0.5510,0.5510
4.3582,-2.0109,0.5508,0.5508
4.3532,-2.0108,0.5506,0.5506
4.3481,-2.0106,0.5504,0.5504
4.3430,-2.0103,0.5501,0.5501
4.3378,-2.0098,0.5500,0.5500
4.3325,-2.0091,0.5500,0.5500
4.3272,-2.0084,0.5500,0.5500
4.3219,-2.0077,0.5500,0.5500
4.3167,-2.0071,0.5500,0.5500
4.3115,-2.0068,0.5500,0.5500
4.3065,-2.0067,0.5500,0.5500
4.3016,-2.0070,0.5500,0.5500
4.2969,-2.0077,0.5500,0.5500
4.2924,-2.0090,0.5500,0.5500
4.2882,-2.0109,0.5503,0.5503
4.2843,-2.0134,0.5509,0.5509
4.2806,-2.0165,0.5515,0.5515
4.2770,-2.0200,0.5522,0.5522
4.2736,-2.0239,0.5528,0.5528
4.2703,-2.0280,0.5535,0.5535
4.2671,-2.0323,0.5541,0.5541
4.2639,-2.0367,0.5547,0.5547
4.2607,-2.0409,0.5554,0.5554
4.2574,-2.0451,0.5560,0.5560
4.2540,-2.0490,0.5567,0.5567
4.2505,-2.0526,0.5573,0.5573
4.2468,-2.0558,0.5579,0.5579
4.2429,-2.0585,0.5586,0.5586
4.2388,-2.0605,0.5593,0.5593
4.2343,-2.0619,0.5604,0.5604
4.2297,-2.0627,0.5616,0.5616
4.2248,-2.0631,0.5627,0.5627
4.2198,-2.0631,0.5638,0.5638
4.2147,-2.0627,0.5649,0.5649
4.2095,-2.0622,0.5660,0.5660
4.2042,-2.0616,0.5671,0.5671
4.1989,-2.0609,0.5682,0.5682
4.1937,-2.0603,0.5693,0.5693
4.1885,-2.0599,0.5705,0.5705
4.1834,-2.0597,0.5720,0.5720
4.1784,-2.0596,0.5736,0.5736
4.1734,-2.0597,0.5751,0.5751
4.1685,-2.0599,0.5766,0.5766
4.1636,-2.0601,0.5781,0.5781
4.1586,-2.0602,0.5796,0.5796
4.1537,-2.0603,0.5811,0.5811
4.1487,-2.0604,0.5827,0.5827
4.1436,-2.0602,0.5842,0.5842
4.1385,-2.0599,0.5857,0.5857
4.1333,-2.0593,0.5871,0.5871
4.1280,-2.0587,0.5886,0.5886
4.1227,-2.0580,0.5901,0.5901
4.1175,-2.0575,0.5916,0.5916
4.1123,-2.0570,0.5931,0.5931
4.1072,-2.0569,0.5945,0.5945
4.1023,-2.0570,0.5960,0.5960
4.0976,-2.0577,0.5975,0.5975
4.0930,-2.0588,0.5990,0.5990
4.0888,-2.0606,0.5991,0.5991
4.0848,-2.0630,0.5962,0.5962
4.0810,-2.0660,0.5933,0.5933
4.0774,-2.0695,0.5904,0.5904
4.0740,-2.0733,0.5875,0.5875
4.0707,-2.0774,0.5846,0.5846
4.0675,-2.0816,0.5818,0.5818
4.0643,-2.0860,0.5789,0.5789
4.0611,-2.0903,0.5760,0.5760
4.0578,-2.0945,0.5731,0.5731
4.0544,-2.0985,0.5702,0.5702
4.0510,-2.1021,0.5673,0.5673
4.0473,-2.1054,0.5644,0.5644
4.0435,-2.1082,0.5615,0.5615
4.0393,-2.1103,0.5592,0.5592
4.0350,-2.1118,0.5603,0.5603
4.0303,-2.1127,0.5614,0.5614
4.0255,-2.1131,0.5625,0.5625
4.0205,-2.1131,0.5636,0.5636
4.0154,-2.1128,0.5647,0.5647
4.0102,-2.1123,0.5658,0.5658
4.0049,-2.1117,0.5669,0.5669
3.9996,-2.1110,0.5680,0.5680
3.9944,-2.1104,0.5692,0.5692
3.9892,-2.1099,0.5703,0.5703
3.9841,-2.1097,0.5718,0.5718
3.9791,-2.1096,0.5734,0.5734
3.9741,-2.1097,0.5749,0.5749
3.9691,-2.1098,0.5764,0.5764
3.9642,-2.1100,0.5779,0.5779
3.9593,-2.1102,0.5794,0.5794
3.9543,-2.1103,0.5809,0.5809
3.9493,-2.1104,0.5824,0.5824
3.9443,-2.1102,0.5840,0.5840
3.9392,-2.1099,0.5855,0.5855
3.9340,-2.1094,0.5874,0.5874
3.9287,-2.1088,0.5893,0.5893
3.9234,-2.1081,0.5912,0.5912
3.9182,-2.1075,0.5931,0.5931
3.9130,-2.1071,0.5950,0.5950
3.9079,-2.1069,0.5969,0.5969
3.9029,-2.1070,0.5988,0.5988
3.8982,-2.1076,0.6007,0.6007
3.8936,-2.1086,0.6026,0.6026
3.8893,-2.1103,0.6038,0.6038
3.8853,-2.1127,0.6014,0.6014
3.8815,-2.1156,0.5989,0.5989
3.8779,-2.1190,0.5965,0.5965
3.8745,-2.1228,0.5941,0.5941
3.8711,-2.1268,0.5917,0.5917
3.8679,-2.1311,0.5893,0.5893
3.8647,-2.1354,0.5869,0.5869
3.8615,-2.1397,0.5845,0.5845
3.8582,-2.1439,0.5821,0.5821
3.8549,-2.1480,0.5797,0.5797
3.8514,-2.1517,0.5773,0.5773
3.8478,-2.1550,0.5748,0.5748
3.8440,-2.1578,0.5724,0.5724
3.8399,-2.1600,0.5701,0.5701
3.8355,-2.1616,0.5716,0.5716
3.8310,-2.1626,0.5732,0.5732
3.8261,-2.1631,0.5747,0.5747
3.8212,-2.1631,0.5762,0.5762
3.8161,-2.1629,0.5777,0.5777
3.8109,-2.1624,0.5792,0.5792
3.8056,-2.1618,0.5807,0.5807
3.8003,-2.1611,0.5822,0.5822
3.7951,-2.1605,0.5838,0.5838
3.7899,-2.1600,0.5853,0.5853
3.7848,-2.1597,0.5872,0.5872
3.7797,-2.1596,0.5891,0.5891
3.7747,-2.1597,0.5910,0.5910
3.7698,-2.1598,0.5929,0.5929
3.7649,-2.1600,0.5947,0.5947
3.7599,-2.1602,0.5966,0.5966
3.7550,-2.1603,0.5985,0.5985
3.7500,-2.1603,0.6004,0.6004
3.7450,-2.1603,0.6023,0.6023
3.7399,-2.1600,0.6042,0.6042
3.7347,-2.1595,0.6042,0.6042
3.7294,-2.1589,0.6042,0.6042
3.7241,-2.1583,0.6042,0.6042
3.7189,-2.1577,0.6042,0.6042
3.7137,-2.1572,0.6042,0.6042
3.7086,-2.1570,0.6042,0.6042
3.7036,-2.1570,0.6042,0.6042
3.6988,-2.1575,0.6042,0.6042
3.6942,-2.1585,0.6042,0.6042
3.6899,-2.1601,0.6042,0.6042
3.6858,-2.1623,0.6042,0.6042
3.6819,-2.1650,0.6042,0.6042
3.6783,-2.1683,0.6042,0.6042
3.6748,-2.1720,0.6042,0.6042
3.6714,-2.1759,0.6042,0.6042
3.6682,-2.1801,0.6042,0.6042
3.6649,-2.1844,0.6042,0.6042
3.6617,-2.1887,0.6042,0.6042
3.6585,-2.1929,0.6042,0.6042
3.6551,-2.1970,0.6042,0.6042
3.6517,-2.2008,0.6042,0.6042
3.6482,-2.2042,0.6042,0.6042
3.6444,-2.2073,0.6042,0.6042
3.6404,-2.2098,0.6042,0.6042
3.6362,-2.2117,0.6054,0.6054
3.6318,-2.2130,0.6069,0.6069
3.6271,-2.2138,0.6083,0.6083
3.6222,-2.2141,0.6097,0.6097
3.6172,-2.2141,0.6112,0.6112
3.6121,-2.2137,0.6126,0.6126
3.6068,-2.2130,0.6140,0.6140
3.6014,-2.2122,0.6154,0.6154
3.5960,-2.2112,0.6169,0.6169
3.5906,-2.2101,0.6183,0.6183
3.5851,-2.2090,0.6176,0.6176
3.5797,-2.2080,0.6165,0.6165
3.5743,-2.2071,0.6155,0.6155
3.5690,-2.2063,0.6145,0.6145
3.5638,-2.2059,0.6135,0.6135
3.5588,-2.2057,0.6125,0.6125
3.5539,-2.2060,0.6114,0.6114
3.5492,-2.2067,0.6104,0.6104
3.5447,-2.2079,0.6094,0.6094
3.5404,-2.2098,0.6084,0.6084
3.5365,-2.2123,0.6080,0.6080
3.5327,-2.2153,0.6077,0.6077
3.5292,-2.2189,0.6074,0.6074
3.5258,-2.2228,0.6071,0.6071
3.5226,-2.2270,0.6068,0.6068
3.5194,-2.2314,0.6066,0.6066
3.5162,-2.2358,0.6063,0.6063
3.5130,-2.2402,0.6060,0.6060
3.5098,-2.2444,0.6057,0.6057
3.5064,-2.2484,0.6054,0.6054
3.5029,-2.2520,0.6051,0.6051
3.4992,-2.2552,0.6048,0.6048
3.4953,-2.2577,0.6045,0.6045
3.4911,-2.2596,0.6042,0.6042
3.4865,-2.2608,0.6058,0.6058
3.4817,-2.2613,0.6081,0.6081
3.4767,-2.2612,0.6103,0.6103
3.4715,-2.2608,0.6125,0.6125
3.4663,-2.2601,0.6148,0.6148
3.4610,-2.2595,0.6170,0.6170
3.4558,-2.2589,0.6193,0.6193
3.4507,-2.2587,0.6215,0.6215
3.4458,-2.2589,0.6237,0.6237
3.4411,-2.2597,0.6260,0.6260
3.4367,-2.2612,0.6253,0.6253
3.4327,-2.2635,0.6237,0.6237
3.4289,-2.2664,0.6221,0.6221
3.4253,-2.2699,0.6206,0.6206
3.4219,-2.2737,0.6190,0.6190
3.4186,-2.2778,0.6174,0.6174
3.4154,-2.2821,0.6158,0.6158
3.4122,-2.2866,0.6142,0.6142
3.4090,-2.2910,0.6127,0.6127
3.4058,-2.2953,0.6111,0.6111
3.4025,-2.2993,0.6095,0.6095
3.3990,-2.3031,0.6079,0.6079
3.3954,-2.3064,0.6063,0.6063
3.3915,-2.3091,0.6048,0.6048
3.3874,-2.3112,0.6050,0.6050
3.3830,-2.3127,0.6065,0.6065
3.3784,-2.3136,0.6079,0.6079
3.3736,-2.3140,0.6093,0.6093
3.3686,-2.3140,0.6108,0.6108
3.3634,-2.3136,0.6122,0.6122
3.3582,-2.3130,0.6136,0.6136
3.3528,-2.3122,0.6151,0.6151
3.3474,-2.3113,0.6165,0.6165
3.3420,-2.3104,0.6179,0.6179
3.3367,-2.3094,0.6190,0.6190
3.3313,-2.3086,0.6198,0.6198
3.3260,-2.3079,0.6206,0.6206
3.3208,-2.3074,0.6214,0.6214
3.3157,-2.3070,0.6222,0.6222
3.3106,-2.3069,0.6230,0.6230
3.3057,-2.3070,0.6238,0.6238
3.3008,-2.3075,0.6246,0.6246
3.2962,-2.3083,0.6254,0.6254
3.2917,-2.3095,0.6262,0.6262
3.2873,-2.3110,0.6255,0.6255
3.2831,-2.3130,0.6239,0.6239
3.2791,-2.3154,0.6224,0.6224
3.2752,-2.3181,0.6208,0.6208
3.2715,-2.3211,0.6192,0.6192
3.2679,-2.3244,0.6176,0.6176
3.2643,-2.3280,0.6160,0.6160
3.2609,-2.3318,0.6145,0.6145
3.2576,-2.3358,0.6129,0.6129
3.2543,-2.3400,0.6113,0.6113
3.2511,-2.3443,0.6097,0.6097
3.2479,-2.3487,0.6081,0.6081
3.2447,-2.3531,0.6065,0.6065
3.2416,-2.3577,0.6050,0.6050
3.2385,-2.3622,0.6034,0.6034
3.2354,-2.3667,0.6019,0.6019
3.2322,-2.3712,0.6005,0.6005
3.2290,-2.3756,0.5990,0.5990
3.2258,-2.3799,0.5975,0.5975
3.2225,-2.3841,0.5960,0.5960
3.2192,-2.3881,0.5945,0.5945
3.2158,-2.3919,0.5930,0.5930
3.2123,-2.3954,0.5915,0.5915
3.2086,-2.3988,0.5900,0.5900
3.2049,-2.4018,0.5885,0.5885
3.2010,-2.4045,0.5871,0.5871
3.1970,-2.4069,0.5856,0.5856
3.1928,-2.4089,0.5841,0.5841
3.1885,-2.4105,0.5838,0.5838
3.1840,-2.4117,0.5859,0.5859
3.1793,-2.4125,0.5880,0.5880
3.1745,-2.4130,0.5901,0.5901
3.1696,-2.4131,0.5922,0.5922
3.1645,-2.4130,0.5944,0.5944
3.1594,-2.4127,0.5965,0.5965
3.1542,-2.4121,0.5986,0.5986
3.1489,-2.4114,0.6007,0.6007
3.1435,-2.4106,0.6028,0.6028
3.1381,-2.4097,0.6042,0.6042
3.1327,-2.4087,0.6042,0.6042
3.1274,-2.4078,0.6042,0.6042
3.1220,-2.4070,0.6042,0.6042
3.1168,-2.4064,0.6042,0.6042
3.1116,-2.4060,0.6042,0.6042
3.1066,-2.4060,0.6042,0.6042
3.1018,-2.4064,0.6042,0.6042
3.0971,-2.4073,0.6042,0.6042
3.0927,-2.4087,0.6042,0.6042
3.0886,-2.4108,0.6042,0.6042
3.0847,-2.4136,0.6042,0.6042
3.0811,-2.4169,0.6042,0.6042
3.0776,-2.4206,0.6042,0.6042
3.0743,-2.4247,0.6042,0.6042
3.0711,-2.4290,0.6042,0.6042
3.0679,-2.4334,0.6042,0.6042
3.0648,-2.4378,0.6042,0.6042
3.0616,-2.4422,0.6042,0.6042
3.0583,-2.4463,0.6042,0.6042
3.0549,-2.4501,0.6042,0.6042
3.0513,-2.4536,0.6042,0.6042
3.0475,-2.4565,0.6042,0.6042
3.0434,-2.4587,0.6042,0.6042
3.0391,-2.4603,0.6042,0.6042
3.0344,-2.4610,0.6042,0.6042
3.0294,-2.4612,0.6042,0.6042
3.0243,-2.4609,0.6042,0.6042
3.0191,-2.4603,0.6042,0.6042
3.0138,-2.4596,0.6042,0.6042
3.0085,-2.4589,0.6042,0.6042
3.0033,-2.4585,0.6042,0.6042
2.9983,-2.4585,0.6042,0.6042
2.9936,-2.4591,0.6042,0.6042
2.9891,-2.4603,0.6039,0.6039
2.9850,-2.4624,0.6025,0.6025
2.9811,-2.4652,0.6012,0.6012
2.9775,-2.4687,0.5999,0.5999
2.9741,-2.4725,0.5985,0.5985
2.9709,-2.4768,0.5972,0.5972
2.9677,-2.4812,0.5958,0.5958
2.9646,-2.4858,0.5945,0.5945
2.9615,-2.4903,0.5932,0.5932
2.9583,-2.4947,0.5918,0.5918
2.9550,-2.4988,0.5905,0.5905
2.9515,-2.5025,0.5892,0.5892
2.9479,-2.5057,0.5878,0.5878
2.9439,-2.5083,0.5865,0.5865
2.9397,-2.5101,0.5854,0.5854
2.9351,-2.5111,0.5873,0.5873
2.9302,-2.5114,0.5892,0.5892
2.9251,-2.5112,0.5910,0.5910
2.9199,-2.5106,0.5929,0.5929
2.9146,-2.5099,0.5948,0.5948
2.9093,-2.5092,0.5967,0.5967
2.9041,-2.5087,0.5986,0.5986
2.8990,-2.5086,0.6005,0.6005
2.8942,-2.5090,0.6024,0.6024
2.8897,-2.5101,0.6040,0.6040
2.8855,-2.5121,0.6026,0.6026
2.8816,-2.5147,0.6011,0.6011
2.8780,-2.5181,0.5996,0.5996
2.8745,-2.5219,0.5981,0.5981
2.8713,-2.5260,0.5966,0.5966
2.8681,-2.5305,0.5951,0.5951
2.8650,-2.5350,0.5936,0.5936
2.8619,-2.5396,0.5921,0.5921
2.8587,-2.5440,0.5906,0.5906
2.8554,-2.5482,0.5891,0.5891
2.8520,-2.5520,0.5877,0.5877
2.8484,-2.5553,0.5862,0.5862
2.8445,-2.5580,0.5847,0.5847
2.8403,-2.5599,0.5832,0.5832
2.8357,-2.5610,0.5851,0.5851
2.8309,-2.5614,0.5872,0.5872
2.8258,-2.5613,0.5893,0.5893
2.8206,-2.5607,0.5914,0.5914
2.8153,-2.5600,0.5935,0.5935
2.8100,-2.5593,0.5956,0.5956
2.8048,-2.5588,0.5977,0.5977
2.7997,-2.5586,0.5998,0.5998
2.7949,-2.5589,0.6019,0.6019
2.7903,-2.5599,0.6040,0.6040
2.7860,-2.5617,0.6019,0.6019
2.7821,-2.5643,0.5995,0.5995
2.7784,-2.5676,0.5971,0.5971
2.7750,-2.5713,0.5947,0.5947
2.7717,-2.5754,0.5923,0.5923
2.7685,-2.5798,0.5898,0.5898
2.7654,-2.5844,0.5874,0.5874
2.7623,-2.5889,0.5850,0.5850
2.7591,-2.5934,0.5826,0.5826
2.7559,-2.5976,0.5802,0.5802
2.7525,-2.6015,0.5778,0.5778
2.7489,-2.6049,0.5754,0.5754
2.7450,-2.6076,0.5730,0.5730
2.7409,-2.6097,0.5706,0.5706
2.7364,-2.6109,0.5713,0.5713
2.7316,-2.6114,0.5728,0.5728
2.7266,-2.6113,0.5743,0.5743
2.7214,-2.6108,0.5758,0.5758
2.7161,-2.6102,0.5774,0.5774
2.7108,-2.6095,0.5789,0.5789
2.7055,-2.6089,0.5804,0.5804
2.7004,-2.6086,0.5819,0.5819
2.6955,-2.6088,0.5834,0.5834
2.6909,-2.6097,0.5849,0.5849
2.6866,-2.6114,0.5838,0.5838
2.6826,-2.6139,0.5819,0.5819
2.6789,-2.6170,0.5800,0.5800
2.6754,-2.6207,0.5782,0.5782
2.6721,-2.6248,0.5763,0.5763
2.6689,-2.6291,0.5745,0.5745
2.6658,-2.6336,0.5726,0.5726
2.6627,-2.6382,0.5708,0.5708
2.6595,-2.6427,0.5689,0.5689
2.6563,-2.6469,0.5671,0.5671
2.6529,-2.6509,0.5652,0.5652
2.6494,-2.6543,0.5634,0.5634
2.6456,-2.6572,0.5615,0.5615
2.6415,-2.6594,0.5596,0.5596
2.6370,-2.6608,0.5606,0.5606
2.6323,-2.6615,0.5630,0.5630
2.6273,-2.6615,0.5654,0.5654
2.6222,-2.6611,0.5678,0.5678
2.6169,-2.6605,0.5702,0.5702
2.6116,-2.6598,0.5726,0.5726
2.6064,-2.6592,0.5751,0.5751
2.6012,-2.6589,0.5775,0.5775
2.5963,-2.6589,0.5799,0.5799
2.5915,-2.6596,0.5823,0.5823
2.5871,-2.6610,0.5820,0.5820
2.5830,-2.6632,0.5803,0.5803
2.5792,-2.6660,0.5786,0.5786
2.5755,-2.6693,0.5769,0.5769
2.5721,-2.6731,0.5752,0.5752
2.5688,-2.6772,0.5735,0.5735
2.5656,-2.6815,0.5717,0.5717
2.5624,-2.6859,0.5700,0.5700
2.5592,-2.6903,0.5683,0.5683
2.5560,-2.6947,0.5666,0.5666
2.5527,-2.6988,0.5649,0.5649
2.5493,-2.7026,0.5632,0.5632
2.5457,-2.7060,0.5615,0.5615
2.5419,-2.7088,0.5598,0.5598
2.5378,-2.7111,0.5596,0.5596
2.5335,-2.7127,0.5607,0.5607
2.5289,-2.7137,0.5618,0.5618
2.5241,-2.7142,0.5629,0.5629
2.5192,-2.7143,0.5640,0.5640
2.5141,-2.7140,0.5651,0.5651
2.5088,-2.7135,0.5662,0.5662
2.5035,-2.7126,0.5673,0.5673
2.4980,-2.7116,0.5685,0.5685
2.4926,-2.7105,0.5696,0.5696
2.4871,-2.7094,0.5708,0.5708
2.4817,-2.7083,0.5721,0.5721
2.4763,-2.7073,0.5734,0.5734
2.4709,-2.7065,0.5747,0.5747
2.4657,-2.7059,0.5760,0.5760
2.4606,-2.7057,0.5773,0.5773
2.4556,-2.7058,0.5786,0.5786
2.4508,-2.7063,0.5799,0.5799
2.4463,-2.7074,0.5812,0.5812
2.4420,-2.7090,0.5825,0.5825
2.4379,-2.7113,0.5822,0.5822
2.4341,-2.7142,0.5805,0.5805
2.4305,-2.7176,0.5788,0.5788
2.4271,-2.7214,0.5771,0.5771
2.4238,-2.7255,0.5754,0.5754
2.4206,-2.7298,0.5737,0.5737
2.4174,-2.7342,0.5720,0.5720
2.4142,-2.7386,0.5703,0.5703
2.4110,-2.7429,0.5686,0.5686
2.4077,-2.7470,0.5669,0.5669
2.4042,-2.7507,0.5652,0.5652
2.4006,-2.7541,0.5635,0.5635
2.3968,-2.7569,0.5618,0.5618
2.3927,-2.7590,0.5601,0.5601
2.3882,-2.7605,0.5600,0.5600
2.3835,-2.7612,0.5624,0.5624
2.3786,-2.7613,0.5648,0.5648
2.3735,-2.7610,0.5672,0.5672
2.3682,-2.7604,0.5696,0.5696
2.3629,-2.7597,0.5720,0.5720
2.3577,-2.7591,0.5744,0.5744
2.3525,-2.7588,0.5768,0.5768
2.3475,-2.7588,0.5792,0.5792
2.3428,-2.7593,0.5816,0.5816
2.3383,-2.7606,0.5824,0.5824
2.3341,-2.7626,0.5807,0.5807
2.3302,-2.7653,0.5790,0.5790
2.3266,-2.7685,0.5773,0.5773
2.3231,-2.7721,0.5756,0.5756
2.3197,-2.7762,0.5739,0.5739
2.3165,-2.7804,0.5722,0.5722
2.3133,-2.7848,0.5705,0.5705
2.3101,-2.7892,0.5688,0.5688
2.3069,-2.7936,0.5671,0.5671
2.3037,-2.7977,0.5654,0.5654
2.3003,-2.8016,0.5637,0.5637
2.2967,-2.8051,0.5620,0.5620
2.2930,-2.8081,0.5603,0.5603
2.2890,-2.8105,0.5593,0.5593
2.2847,-2.8123,0.5604,0.5604
2.2802,-2.8135,0.5615,0.5615
2.2755,-2.8141,0.5626,0.5626
2.2705,-2.8143,0.5637,0.5637
2.2655,-2.8141,0.5648,0.5648
2.2602,-2.8136,0.5659,0.5659
2.2549,-2.8129,0.5670,0.5670
2.2495,-2.8119,0.5682,0.5682
2.2441,-2.8108,0.5693,0.5693
2.2386,-2.8097,0.5704,0.5704
2.2332,-2.8086,0.5717,0.5717
2.2277,-2.8076,0.5730,0.5730
2.2224,-2.8067,0.5743,0.5743
2.2171,-2.8061,0.5756,0.5756
2.2119,-2.8057,0.5769,0.5769
2.2069,-2.8057,0.5782,0.5782
2.2021,-2.8061,0.5795,0.5795
2.1975,-2.8070,0.5808,0.5808
2.1931,-2.8085,0.5821,0.5821
2.1890,-2.8106,0.5825,0.5825
2.1851,-2.8133,0.5804,0.5804
2.1815,-2.8166,0.5782,0.5782
2.1780,-2.8203,0.5760,0.5760
2.1747,-2.8244,0.5738,0.5738
2.1715,-2.8287,0.5716,0.5716
2.1683,-2.8331,0.5695,0.5695
2.1651,-2.8375,0.5673,0.5673
2.1619,-2.8419,0.5651,0.5651
2.1586,-2.8460,0.5629,0.5629
2.1552,-2.8499,0.5607,0.5607
2.1517,-2.8533,0.5586,0.5586
2.1479,-2.8562,0.5564,0.5564
2.1438,-2.8586,0.5542,0.5542
2.1395,-2.8601,0.5523,0.5523
2.1348,-2.8610,0.5530,0.5530
2.1299,-2.8612,0.5537,0.5537
2.1248,-2.8609,0.5544,0.5544
2.1196,-2.8603,0.5550,0.5550
2.1143,-2.8596,0.5557,0.5557
2.1090,-2.8590,0.5564,0.5564
2.1038,-2.8586,0.5571,0.5571
2.0988,-2.8585,0.5577,0.5577
2.0940,-2.8590,0.5584,0.5584
2.0895,-2.8602,0.5587,0.5587
2.0853,-2.8622,0.5561,0.5561
2.0815,-2.8649,0.5535,0.5535
2.0778,-2.8683,0.5509,0.5509
2.0744,-2.8721,0.5482,0.5482
2.0712,-2.8763,0.5456,0.5456
2.0680,-2.8807,0.5430,0.5430
2.0649,-2.8853,0.5404,0.5404
2.0617,-2.8898,0.5378,0.5378
2.0586,-2.8942,0.5352,0.5352
2.0553,-2.8983,0.5325,0.5325
2.0518,-2.9021,0.5299,0.5299
2.0482,-2.9054,0.5273,0.5273
2.0443,-2.9080,0.5247,0.5247
2.0401,-2.9100,0.5221,0.5221
2.0355,-2.9111,0.5236,0.5236
2.0307,-2.9115,0.5253,0.5253
2.0257,-2.9114,0.5269,0.5269
2.0205,-2.9109,0.5286,0.5286
2.0152,-2.9102,0.5302,0.5302
2.0099,-2.9095,0.5319,0.5319
2.0047,-2.9090,0.5335,0.5335
1.9996,-2.9088,0.5352,0.5352
1.9947,-2.9090,0.5368,0.5368
1.9901,-2.9100,0.5385,0.5385
1.9858,-2.9117,0.5369,0.5369
1.9818,-2.9141,0.5352,0.5352
1.9781,-2.9172,0.5335,0.5335
1.9745,-2.9207,0.5318,0.5318
1.9712,-2.9247,0.5302,0.5302
1.9679,-2.9289,0.5285,0.5285
1.9648,-2.9333,0.5268,0.5268
1.9616,-2.9378,0.5251,0.5251
1.9584,-2.9422,0.5234,0.5234
1.9552,-2.9465,0.5218,0.5218
1.9518,-2.9504,0.5201,0.5201
1.9483,-2.9540,0.5184,0.5184
1.9446,-2.9572,0.5167,0.5167
1.9407,-2.9597,0.5150,0.5150
1.9364,-2.9615,0.5170,0.5170
1.9319,-2.9626,0.5196,0.5196
1.9271,-2.9633,0.5222,0.5222
1.9222,-2.9634,0.5248,0.5248
1.9171,-2.9632,0.5274,0.5274
1.9119,-2.9627,0.5300,0.5300
1.9066,-2.9621,0.5326,0.5326
1.9013,-2.9614,0.5352,0.5352
1.8961,-2.9607,0.5378,0.5378
1.8908,-2.9601,0.5404,0.5404
1.8856,-2.9597,0.5424,0.5424
1.8806,-2.9595,0.5442,0.5442
1.8755,-2.9594,0.5460,0.5460
1.8706,-2.9595,0.5478,0.5478
1.8656,-2.9596,0.5496,0.5496
1.8607,-2.9598,0.5515,0.5515
1.8558,-2.9600,0.5533,0.5533
1.8508,-2.9601,0.5551,0.5551
1.8458,-2.9601,0.5569,0.5569
1.8408,-2.9600,0.5587,0.5587
1.8357,-2.9598,0.5573,0.5573
1.8305,-2.9594,0.5552,0.5552
1.8253,-2.9590,0.5532,0.5532
1.8202,-2.9586,0.5511,0.5511
1.8150,-2.9582,0.5491,0.5491
1.8099,-2.9580,0.5470,0.5470
1.8049,-2.9580,0.5450,0.5450
1.8000,-2.9583,0.5429,0.5429
1.7953,-2.9588,0.5409,0.5409
1.7907,-2.9598,0.5388,0.5388
1.7863,-2.9612,0.5404,0.5404
1.7820,-2.9631,0.5426,0.5426
1.7780,-2.9654,0.5449,0.5449
1.7741,-2.9680,0.5471,0.5471
1.7703,-2.9710,0.5493,0.5493
1.7667,-2.9743,0.5516,0.5516
1.7632,-2.9779,0.5538,0.5538
1.7598,-2.9818,0.5560,0.5560
1.7565,-2.9858,0.5583,0.5583
1.7532,-2.9901,0.5605,0.5605
1.7501,-2.9946,0.5627,0.5627
1.7470,-2.9992,0.5650,0.5650
1.7439,-3.0038,0.5672,0.5672
1.7409,-3.0086,0.5694,0.5694
1.7379,-3.0134,0.5707,0.5707
1.7349,-3.0182,0.5717,0.5717
1.7318,-3.0230,0.5726,0.5726
1.7288,-3.0277,0.5735,0.5735
1.7257,-3.0322,0.5744,0.5744
1.7225,-3.0366,0.5753,0.5753
1.7192,-3.0407,0.5763,0.5763
1.7158,-3.0446,0.5772,0.5772
1.7123,-3.0482,0.5781,0.5781
1.7086,-3.0514,0.5790,0.5790
1.7047,-3.0542,0.5799,0.5799
1.7007,-3.0565,0.5809,0.5809
1.6965,-3.0583,0.5818,0.5818
1.6920,-3.0596,0.5827,0.5827
1.6873,-3.0603,0.5831,0.5831
1.6824,-3.0605,0.5831,0.5831
1.6773,-3.0603,0.5831,0.5831
1.6721,-3.0598,0.5831,0.5831
1.6668,-3.0592,0.5831,0.5831
1.6616,-3.0587,0.5831,0.5831
1.6564,-3.0583,0.5831,0.5831
1.6514,-3.0582,0.5831,0.5831
1.6465,-3.0585,0.5831,0.5831
1.6419,-3.0594,0.5831,0.5831
1.6376,-3.0610,0.5826,0.5826
1.6335,-3.0634,0.5816,0.5816
1.6297,-3.0663,0.5807,0.5807
1.6262,-3.0697,0.5798,0.5798
1.6228,-3.0736,0.5789,0.5789
1.6195,-3.0777,0.5780,0.5780
1.6163,-3.0821,0.5770,0.5770
1.6131,-3.0865,0.5761,0.5761
1.6099,-3.0909,0.5752,0.5752
1.6067,-3.0951,0.5743,0.5743
1.6033,-3.0991,0.5734,0.5734
1.5999,-3.1028,0.5724,0.5724
1.5962,-3.1061,0.5715,0.5715
1.5923,-3.1088,0.5706,0.5706
1.5882,-3.1108,0.5707,0.5707
1.5837,-3.1122,0.5723,0.5723
1.5791,-3.1130,0.5738,0.5738
1.5742,-3.1133,0.5753,0.5753
1.5692,-3.1132,0.5768,0.5768
1.5640,-3.1128,0.5783,0.5783
1.5588,-3.1122,0.5798,0.5798
1.5535,-3.1116,0.5813,0.5813
1.5482,-3.1109,0.5829,0.5829
1.5429,-3.1103,0.5844,0.5844
1.5378,-3.1098,0.5846,0.5846
1.5327,-3.1096,0.5831,0.5831
1.5277,-3.1096,0.5815,0.5815
1.5227,-3.1097,0.5800,0.5800
1.5178,-3.1098,0.5785,0.5785
1.5128,-3.1100,0.5770,0.5770
1.5079,-3.1102,0.5755,0.5755
1.5030,-3.1103,0.5740,0.5740
1.4980,-3.1103,0.5725,0.5725
1.4929,-3.1102,0.5709,0.5709
1.4877,-3.1098,0.5696,0.5696
1.4825,-3.1093,0.5685,0.5685
1.4773,-3.1087,0.5674,0.5674
1.4720,-3.1080,0.5663,0.5663
1.4668,-3.1075,0.5652,0.5652
1.4616,-3.1071,0.5641,0.5641
1.4565,-3.1069,0.5630,0.5630
1.4516,-3.1072,0.5619,0.5619
1.4469,-3.1079,0.5607,0.5607
1.4424,-3.1091,0.5596,0.5596
1.4382,-3.1109,0.5598,0.5598
1.4342,-3.1133,0.5617,0.5617
1.4304,-3.1163,0.5635,0.5635
1.4268,-3.1198,0.5654,0.5654
1.4234,-3.1236,0.5672,0.5672
1.4201,-3.1276,0.5691,0.5691
1.4168,-3.1318,0.5710,0.5710
1.4136,-3.1361,0.5728,0.5728
1.4104,-3.1404,0.5747,0.5747
1.4071,-3.1446,0.5765,0.5765
1.4038,-3.1486,0.5784,0.5784
1.4003,-3.1523,0.5802,0.5802
1.3967,-3.1556,0.5821,0.5821
1.3928,-3.1584,0.5839,0.5839
1.3888,-3.1606,0.5848,0.5848
1.3844,-3.1622,0.5833,0.5833
1.3799,-3.1633,0.5818,0.5818
1.3751,-3.1639,0.5802,0.5802
1.3702,-3.1641,0.5787,0.5787
1.3651,-3.1639,0.5772,0.5772
1.3599,-3.1634,0.5757,0.5757
1.3546,-3.1626,0.5742,0.5742
1.3492,-3.1617,0.5727,0.5727
1.3438,-3.1607,0.5711,0.5711
1.3384,-3.1597,0.5698,0.5698
1.3329,-3.1587,0.5686,0.5686
1.3275,-3.1577,0.5675,0.5675
1.3222,-3.1569,0.5664,0.5664
1.3170,-3.1563,0.5653,0.5653
1.3118,-3.1560,0.5642,0.5642
1.3069,-3.1561,0.5631,0.5631
1.3020,-3.1565,0.5620,0.5620
1.2974,-3.1573,0.5609,0.5609
1.2929,-3.1587,0.5598,0.5598
1.2888,-3.1607,0.5599,0.5599
1.2848,-3.1632,0.5630,0.5630
1.2811,-3.1662,0.5660,0.5660
1.2775,-3.1697,0.5691,0.5691
1.2741,-3.1735,0.5721,0.5721
1.2707,-3.1775,0.5752,0.5752
1.2675,-3.1817,0.5782,0.5782
1.2642,-3.1860,0.5813,0.5813
1.2610,-3.1902,0.5843,0.5843
1.2577,-3.1944,0.5874,0.5874
1.2543,-3.1983,0.5904,0.5904
1.2509,-3.2020,0.5934,0.5934
1.2472,-3.2052,0.5965,0.5965
1.2434,-3.2081,0.5995,0.5995
1.2393,-3.2103,0.6020,0.6020
1.2350,-3.2120,0.6018,0.6018
1.2305,-3.2131,0.6016,0.6016
1.2257,-3.2138,0.6014,0.6014
1.2208,-3.2140,0.6012,0.6012
1.2158,-3.2139,0.6010,0.6010
1.2106,-3.2134,0.6008,0.6008
1.2053,-3.2127,0.6006,0.6006
1.1999,-3.2119,0.6004,0.6004
1.1945,-3.2109,0.6002,0.6002
1.1891,-3.2098,0.5998,0.5998
1.1837,-3.2088,0.5983,0.5983
1.1783,-3.2078,0.5968,0.5968
1.1729,-3.2070,0.5953,0.5953
1.1677,-3.2064,0.5938,0.5938
1.1625,-3.2060,0.5924,0.5924
1.1575,-3.2060,0.5909,0.5909
1.1526,-3.2063,0.5894,0.5894
1.1480,-3.2071,0.5879,0.5879
1.1435,-3.2085,0.5865,0.5865
1.1393,-3.2104,0.5856,0.5856
1.1354,-3.2129,0.5880,0.5880
1.1316,-3.2159,0.5903,0.5903
1.1281,-3.2194,0.5927,0.5927
1.1246,-3.2232,0.5950,0.5950
1.1213,-3.2273,0.5974,0.5974
1.1181,-3.2316,0.5997,0.5997
1.1149,-3.2359,0.6021,0.6021
1.1116,-3.2401,0.6044,0.6044
1.1084,-3.2443,0.6068,0.6068
1.1050,-3.2482,0.6091,0.6091
1.1015,-3.2519,0.6115,0.6115
1.0978,-3.2551,0.6138,0.6138
1.0940,-3.2579,0.6162,0.6162
1.0899,-3.2601,0.6184,0.6184
1.0855,-3.2616,0.6174,0.6174
1.0809,-3.2625,0.6164,0.6164
1.0761,-3.2630,0.6154,0.6154
1.0711,-3.2630,0.6144,0.6144
1.0660,-3.2628,0.6133,0.6133
1.0608,-3.2623,0.6123,0.6123
1.0556,-3.2617,0.6113,0.6113
1.0503,-3.2611,0.6103,0.6103
1.0450,-3.2605,0.6093,0.6093
1.0398,-3.2600,0.6083,0.6083
1.0347,-3.2597,0.6076,0.6076
1.0297,-3.2596,0.6070,0.6070
1.0247,-3.2597,0.6064,0.6064
1.0198,-3.2598,0.6058,0.6058
1.0148,-3.2600,0.6052,0.6052
1.0099,-3.2602,0.6045,0.6045
1.0050,-3.2603,0.6039,0.6039
1.0000,-3.2604,0.6033,0.6033
0.9949,-3.2603,0.6027,0.6027
0.9898,-3.2600,0.6021,0.6021
0.9846,-3.2595,0.6019,0.6019
0.9794,-3.2589,0.6017,0.6017
0.9741,-3.2582,0.6014,0.6014
0.9688,-3.2576,0.6012,0.6012
0.9636,-3.2571,0.6010,0.6010
0.9585,-3.2569,0.6008,0.6008
0.9536,-3.2570,0.6006,0.6006
0.9488,-3.2575,0.6004,0.6004
0.9442,-3.2585,0.6002,0.6002
0.9399,-3.2601,0.6001,0.6001
0.9358,-3.2623,0.6024,0.6024
0.9320,-3.2652,0.6047,0.6047
0.9284,-3.2685,0.6070,0.6070
0.9249,-3.2723,0.6093,0.6093
0.9216,-3.2763,0.6116,0.6116
0.9183,-3.2805,0.6139,0.6139
0.9151,-3.2849,0.6161,0.6161
0.9119,-3.2892,0.6184,0.6184
0.9087,-3.2934,0.6207,0.6207
0.9053,-3.2975,0.6230,0.6230
0.9019,-3.3012,0.6253,0.6253
0.8983,-3.3046,0.6276,0.6276
0.8945,-3.3075,0.6299,0.6299
0.8904,-3.3098,0.6322,0.6322
0.8861,-3.3114,0.6312,0.6312
0.8816,-3.3125,0.6298,0.6298
0.8768,-3.3130,0.6284,0.6284
0.8718,-3.3131,0.6270,0.6270
0.8667,-3.3129,0.6256,0.6256
0.8615,-3.3124,0.6242,0.6242
0.8563,-3.3118,0.6228,0.6228
0.8510,-3.3112,0.6214,0.6214
0.8457,-3.3105,0.6200,0.6200
0.8405,-3.3100,0.6186,0.6186
0.8354,-3.3097,0.6176,0.6176
0.8304,-3.3096,0.6165,0.6165
0.8254,-3.3097,0.6155,0.6155
0.8204,-3.3098,0.6145,0.6145
0.8155,-3.3100,0.6135,0.6135
0.8106,-3.3101,0.6125,0.6125
0.8056,-3.3103,0.6114,0.6114
0.8006,-3.3104,0.6104,0.6104
0.7956,-3.3103,0.6094,0.6094
0.7905,-3.3100,0.6084,0.6084
0.7853,-3.3096,0.6077,0.6077
0.7801,-3.3090,0.6071,0.6071
0.7748,-3.3083,0.6065,0.6065
0.7696,-3.3077,0.6059,0.6059
0.7644,-3.3072,0.6052,0.6052
0.7592,-3.3070,0.6046,0.6046
0.7542,-3.3070,0.6040,0.6040
0.7494,-3.3074,0.6034,0.6034
0.7448,-3.3083,0.6028,0.6028
0.7404,-3.3098,0.6021,0.6021
0.7363,-3.3119,0.6051,0.6051
0.7324,-3.3147,0.6085,0.6085
0.7287,-3.3179,0.6119,0.6119
0.7252,-3.3215,0.6153,0.6153
0.7219,-3.3254,0.6187,0.6187
0.7186,-3.3296,0.6221,0.6221
0.7154,-3.3338,0.6255,0.6255
0.7121,-3.3381,0.6289,0.6289
0.7089,-3.3424,0.6323,0.6323
0.7056,-3.3465,0.6356,0.6356
0.7022,-3.3503,0.6390,0.6390
0.6986,-3.3538,0.6424,0.6424
0.6949,-3.3569,0.6458,0.6458
0.6910,-3.3595,0.6492,0.6492
0.6868,-3.3614,0.6500,0.6500
0.6823,-3.3628,0.6500,0.6500
0.6777,-3.3637,0.6500,0.6500
0.6729,-3.3640,0.6500,0.6500
0.6678,-3.3640,0.6500,0.6500
0.6627,-3.3637,0.6500,0.6500
0.6574,-3.3631,0.6500,0.6500
0.6521,-3.3622,0.6500,0.6500
0.6467,-3.3613,0.6500,0.6500
0.6413,-3.3602,0.6500,0.6500
0.6358,-3.3592,0.6487,0.6487
0.6304,-3.3582,0.6469,0.6469
0.6251,-3.3573,0.6451,0.6451
0.6198,-3.3566,0.6434,0.6434
0.6146,-3.3561,0.6416,0.6416
0.6095,-3.3559,0.6399,0.6399
0.6046,-3.3561,0.6381,0.6381
0.5998,-3.3568,0.6364,0.6364
0.5953,-3.3579,0.6346,0.6346
0.5910,-3.3595,0.6329,0.6329
0.5869,-3.3618,0.6343,0.6343
0.5831,-3.3646,0.6368,0.6368
0.5794,-3.3679,0.6392,0.6392
0.5760,-3.3716,0.6417,0.6417
0.5726,-3.3756,0.6441,0.6441
0.5693,-3.3798,0.6466,0.6466
0.5661,-3.3840,0.6490,0.6490
0.5629,-3.3883,0.6515,0.6515
0.5596,-3.3925,0.6539,0.6539
0.5563,-3.3966,0.6564,0.6564
0.5529,-3.4004,0.6588,0.6588
0.5493,-3.4038,0.6613,0.6613
0.5455,-3.4068,0.6637,0.6637
0.5415,-3.4092,0.6662,0.6662
0.5373,-3.4111,0.6665,0.6665
0.5328,-3.4123,0.6655,0.6655
0.5281,-3.4130,0.6646,0.6646
0.5232,-3.4133,0.6637,0.6637
0.5182,-3.4132,0.6627,0.6627
0.5130,-3.4128,0.6618,0.6618
0.5078,-3.4123,0.6608,0.6608
0.5025,-3.4116,0.6599,0.6599
0.4972,-3.4109,0.6589,0.6589
0.4919,-3.4102,0.6580,0.6580
0.4867,-3.4097,0.6573,0.6573
0.4816,-3.4093,0.6567,0.6567
0.4765,-3.4091,0.6561,0.6561
0.4714,-3.4090,0.6556,0.6556
0.4664,-3.4090,0.6550,0.6550
0.4614,-3.4090,0.6544,0.6544
0.4565,-3.4092,0.6538,0.6538
0.4516,-3.4094,0.6533,0.6533
0.4467,-3.4096,0.6527,0.6527
0.4418,-3.4099,0.6521,0.6521
0.4369,-3.4102,0.6518,0.6518
0.4320,-3.4104,0.6516,0.6516
0.4271,-3.4107,0.6514,0.6514
0.4222,-3.4109,0.6512,0.6512
0.4172,-3.4110,0.6510,0.6510
0.4123,-3.4111,0.6508,0.6508
0.4073,-3.4110,0.6506,0.6506
0.4022,-3.4109,0.6505,0.6505
0.3971,-3.4106,0.6503,0.6503
0.3919,-3.4102,0.6501,0.6501
0.3867,-3.4096,0.6500,0.6500
0.3814,-3.4089,0.6500,0.6500
0.3761,-3.4082,0.6500,0.6500
0.3708,-3.4076,0.6500,0.6500
0.3656,-3.4071,0.6500,0.6500
0.3605,-3.4067,0.6500,0.6500
0.3555,-3.4067,0.6500,0.6500
0.3506,-3.4071,0.6500,0.6500
0.3460,-3.4080,0.6500,0.6500
0.3415,-3.4093,0.6500,0.6500
0.3374,-3.4114,0.6521,0.6521
0.3335,-3.4140,0.6554,0.6554
0.3297,-3.4171,0.6587,0.6587
0.3262,-3.4206,0.6619,0.6619
0.3228,-3.4245,0.6652,0.6652
0.3195,-3.4286,0.6685,0.6685
0.3163,-3.4328,0.6718,0.6718
0.3130,-3.4371,0.6751,0.6751
0.3098,-3.4414,0.6784,0.6784
0.3065,-3.4455,0.6816,0.6816
0.3031,-3.4494,0.6849,0.6849
0.2996,-3.4530,0.6882,0.6882
0.2959,-3.4562,0.6915,0.6915
0.2920,-3.4589,0.6948,0.6948
0.2879,-3.4610,0.6956,0.6956
0.2835,-3.4625,0.6940,0.6940
0.2789,-3.4635,0.6923,0.6923
0.2741,-3.4640,0.6907,0.6907
0.2692,-3.4640,0.6891,0.6891
0.2641,-3.4638,0.6874,0.6874
0.2588,-3.4632,0.6858,0.6858
0.2535,-3.4625,0.6842,0.6842
0.2481,-3.4615,0.6825,0.6825
0.2427,-3.4605,0.6809,0.6809
0.2373,-3.4595,0.6794,0.6794
0.2319,-3.4585,0.6781,0.6781
0.2265,-3.4575,0.6768,0.6768
0.2212,-3.4568,0.6755,0.6755
0.2159,-3.4562,0.6742,0.6742
0.2108,-3.4560,0.6729,0.6729
0.2059,-3.4560,0.6716,0.6716
0.2011,-3.4565,0.6703,0.6703
0.1965,-3.4575,0.6690,0.6690
0.1921,-3.4590,0.6677,0.6677
0.1880,-3.4611,0.6685,0.6685
0.1841,-3.4638,0.6713,0.6713
0.1804,-3.4670,0.6742,0.6742
0.1769,-3.4706,0.6770,0.6770
0.1735,-3.4745,0.6798,0.6798
0.1702,-3.4787,0.6827,0.6827
0.1670,-3.4829,0.6855,0.6855
0.1638,-3.4872,0.6883,0.6883
0.1605,-3.4915,0.6911,0.6911
0.1572,-3.4956,0.6940,0.6940
0.1538,-3.4994,0.6968,0.6968
0.1503,-3.5029,0.6996,0.6996
0.1466,-3.5061,0.7025,0.7025
0.1426,-3.5087,0.7053,0.7053
0.1385,-3.5106,0.7069,0.7069
0.1340,-3.5120,0.7064,0.7064
0.1294,-3.5128,0.7058,0.7058
0.1245,-3.5132,0.7053,0.7053
0.1195,-3.5132,0.7048,0.7048
0.1144,-3.5129,0.7043,0.7043
0.1092,-3.5123,0.7037,0.7037
0.1039,-3.5117,0.7032,0.7032
0.0986,-3.5110,0.7027,0.7027
0.0933,-3.5104,0.7021,0.7021
0.0881,-3.5098,0.7017,0.7017
0.0830,-3.5095,0.7015,0.7015
0.0779,-3.5093,0.7014,0.7014
0.0728,-3.5092,0.7012,0.7012
0.0678,-3.5092,0.7010,0.7010
0.0629,-3.5093,0.7008,0.7008
0.0579,-3.5094,0.7006,0.7006
0.0530,-3.5096,0.7005,0.7005
0.0481,-3.5098,0.7003,0.7003
0.0431,-3.5099,0.7001,0.7001
0.0382,-3.5100,0.7000,0.7000
0.0332,-3.5101,0.7000,0.7000
0.0282,-3.5101,0.7000,0.7000
0.0232,-3.5101,0.7000,0.7000
0.0182,-3.5100,0.7000,0.7000
0.0132,-3.5100,0.7000,0.7000
0.0081,-3.5099,0.7000,0.7000
0.0031,-3.5099,0.7000,0.7000
-0.0019,-3.5099,0.7000,0.7000
-0.0069,-3.5099,0.7000,0.7000
-0.0118,-3.5100,0.7000,0.7000
-0.0168,-3.5102,0.7000,0.7000
-0.0217,-3.5104,0.7000,0.7000
-0.0266,-3.5105,0.7000,0.7000
-0.0316,-3.5107,0.7000,0.7000
-0.0365,-3.5108,0.7000,0.7000
-0.0415,-3.5108,0.7000,0.7000
-0.0465,-3.5108,0.7000,0.7000
-0.0516,-3.5106,0.7000,0.7000
-0.0567,-3.5103,0.7000,0.7000
-0.0619,-3.5098,0.7000,0.7000
-0.0672,-3.5092,0.7000,0.7000
-0.0725,-3.5085,0.7000,0.7000
-0.0778,-3.5078,0.7000,0.7000
-0.0830,-3.5072,0.7000,0.7000
-0.0882,-3.5068,0.7000,0.7000
-0.0932,-3.5067,0.7000,0.7000
-0.0981,-3.5070,0.7000,0.7000
-0.1028,-3.5077,0.7000,0.7000
-0.1073,-3.5089,0.7000,0.7000
-0.1115,-3.5108,0.7004,0.7004
-0.1155,-3.5133,0.7015,0.7015
-0.1193,-3.5163,0.7027,0.7027
-0.1228,-3.5198,0.7038,0.7038
-0.1262,-3.5236,0.7049,0.7049
-0.1295,-3.5277,0.7060,0.7060
-0.1328,-3.5320,0.7072,0.7072
-0.1360,-3.5363,0.7083,0.7083
-0.1392,-3.5406,0.7094,0.7094
-0.1425,-3.5448,0.7105,0.7105
-0.1458,-3.5487,0.7117,0.7117
-0.1493,-3.5524,0.7128,0.7128
-0.1530,-3.5556,0.7139,0.7139
-0.1569,-3.5583,0.7150,0.7150
-0.1610,-3.5604,0.7162,0.7162
-0.1654,-3.5619,0.7174,0.7174
-0.1700,-3.5628,0.7186,0.7186
-0.1748,-3.5633,0.7198,0.7198
-0.1798,-3.5633,0.7210,0.7210
-0.1849,-3.5630,0.7222,0.7222
-0.1901,-3.5625,0.7234,0.7234
-0.1954,-3.5618,0.7247,0.7247
-0.2007,-3.5611,0.7259,0.7259
-0.2060,-3.5604,0.7271,0.7271
-0.2112,-3.5599,0.7277,0.7277
-0.2164,-3.5595,0.7265,0.7265
-0.2215,-3.5592,0.7253,0.7253
-0.2265,-3.5591,0.7241,0.7241
-0.2315,-3.5591,0.7229,0.7229
-0.2365,-3.5592,0.7217,0.7217
-0.2415,-3.5593,0.7205,0.7205
-0.2464,-3.5595,0.7192,0.7192
-0.2513,-3.5597,0.7180,0.7180
-0.2562,-3.5599,0.7168,0.7168
-0.2612,-3.5600,0.7157,0.7157
-0.2661,-3.5601,0.7148,0.7148
-0.2711,-3.5602,0.7139,0.7139
-0.2761,-3.5602,0.7130,0.7130
-0.2811,-3.5602,0.7122,0.7122
-0.2861,-3.5602,0.7113,0.7113
-0.2911,-3.5602,0.7104,0.7104
-0.2961,-3.5601,0.7095,0.7095
-0.3012,-3.5601,0.7087,0.7087
-0.3062,-3.5600,0.7078,0.7078
-0.3112,-3.5600,0.7070,0.7070
-0.3162,-3.5600,0.7064,0.7064
-0.3212,-3.5599,0.7059,0.7059
-0.3262,-3.5599,0.7054,0.7054
-0.3312,-3.5599,0.7048,0.7048
-0.3362,-3.5599,0.7043,0.7043
-0.3412,-3.5600,0.7038,0.7038
-0.3462,-3.5600,0.7033,0.7033
-0.3512,-3.5600,0.7027,0.7027
-0.3562,-3.5600,0.7022,0.7022
-0.3612,-3.5600,0.7017,0.7017
-0.3662,-3.5600,0.7016,0.7016
-0.3712,-3.5600,0.7014,0.7014
-0.3762,-3.5600,0.7012,0.7012
-0.3812,-3.5600,0.7010,0.7010
-0.3862,-3.5600,0.7008,0.7008
-0.3912,-3.5600,0.7007,0.7007
-0.3962,-3.5600,0.7005,0.7005
-0.4012,-3.5600,0.7003,0.7003
-0.4062,-3.5600,0.7001,0.7001
-0.4112,-3.5600,0.7000,0.7000
-0.4162,-3.5600,0.7000,0.7000
-0.4212,-3.5600,0.7000,0.7000
-0.4262,-3.5600,0.7000,0.7000
-0.4312,-3.5600,0.7000,0.7000
-0.4362,-3.5600,0.7000,0.7000
-0.4412,-3.5600,0.7000,0.7000
-0.4462,-3.5600,0.7000,0.7000
-0.4512,-3.5600,0.7000,0.7000
-0.4562,-3.5600,0.7000,0.7000
-0.4612,-3.5600,0.7000,0.7000
-0.4662,-3.5600,0.7000,0.7000
-0.4712,-3.5600,0.7000,0.7000
-0.4762,-3.5600,0.7000,0.7000
-0.4812,-3.5601,0.7000,0.7000
-0.4862,-3.5601,0.7000,0.7000
-0.4912,-3.5601,0.7000,0.7000
-0.4962,-3.5601,0.7000,0.7000
-0.5012,-3.5600,0.7000,0.7000
-0.5062,-3.5600,0.7000,0.7000
-0.5112,-3.5600,0.7000,0.7000
-0.5163,-3.5599,0.7000,0.7000
-0.5213,-3.5599,0.7000,0.7000
-0.5263,-3.5598,0.7000,0.7000
-0.5313,-3.5598,0.7000,0.7000
-0.5363,-3.5598,0.7000,0.7000
-0.5413,-3.5598,0.7000,0.7000
-0.5463,-3.5598,0.7000,0.7000
-0.5513,-3.5598,0.7000,0.7000
-0.5563,-3.5599,0.7000,0.7000
-0.5612,-3.5600,0.7000,0.7000
-0.5662,-3.5602,0.7000,0.7000
-0.5711,-3.5604,0.7000,0.7000
-0.5760,-3.5606,0.7000,0.7000
-0.5809,-3.5607,0.7000,0.7000
-0.5859,-3.5608,0.7000,0.7000
-0.5909,-3.5609,0.7000,0.7000
-0.5959,-3.5608,0.7000,0.7000
-0.6010,-3.5607,0.7000,0.7000
-0.6061,-3.5603,0.7000,0.7000
-0.6113,-3.5599,0.7000,0.7000
-0.6166,-3.5592,0.7000,0.7000
-0.6219,-3.5585,0.7000,0.7000
-0.6272,-3.5578,0.7000,0.7000
-0.6324,-3.5572,0.7000,0.7000
-0.6376,-3.5568,0.7000,0.7000
-0.6426,-3.5567,0.7000,0.7000
-0.6475,-3.5569,0.7000,0.7000
-0.6523,-3.5576,0.7000,0.7000
-0.6568,-3.5587,0.7000,0.7000
-0.6611,-3.5605,0.7009,0.7009
-0.6651,-3.5629,0.7044,0.7044
-0.6688,-3.5659,0.7080,0.7080
-0.6724,-3.5694,0.7115,0.7115
-0.6758,-3.5732,0.7150,0.7150
-0.6791,-3.5772,0.7186,0.7186
-0.6824,-3.5815,0.7221,0.7221
-0.6856,-3.5858,0.7257,0.7257
-0.6888,-3.5901,0.7292,0.7292
-0.6921,-3.5943,0.7327,0.7327
-0.6954,-3.5983,0.7363,0.7363
-0.6989,-3.6020,0.7398,0.7398
-0.7025,-3.6052,0.7433,0.7433
-0.7064,-3.6080,0.7469,0.7469
-0.7105,-3.6102,0.7500,0.7500
-0.7148,-3.6118,0.7502,0.7502
-0.7194,-3.6127,0.7504,0.7504
-0.7242,-3.6132,0.7505,0.7505
-0.7292,-3.6133,0.7507,0.7507
-0.7343,-3.6130,0.7509,0.7509
-0.7395,-3.6126,0.7510,0.7510
-0.7448,-3.6119,0.7512,0.7512
-0.7501,-3.6112,0.7514,0.7514
-0.7554,-3.6105,0.7515,0.7515
-0.7606,-3.6099,0.7517,0.7517
-0.7658,-3.6095,0.7522,0.7522
-0.7709,-3.6093,0.7527,0.7527
-0.7759,-3.6091,0.7532,0.7532
-0.7810,-3.6091,0.7537,0.7537
-0.7859,-3.6092,0.7542,0.7542
-0.7909,-3.6093,0.7547,0.7547
-0.7958,-3.6095,0.7552,0.7552
-0.8007,-3.6097,0.7557,0.7557
-0.8057,-3.6099,0.7562,0.7562
-0.8106,-3.6100,0.7567,0.7567
-0.8155,-3.6101,0.7576,0.7576
-0.8205,-3.6102,0.7584,0.7584
-0.8255,-3.6102,0.7592,0.7592
-0.8305,-3.6102,0.7600,0.7600
-0.8355,-3.6102,0.7608,0.7608
-0.8405,-3.6102,0.7617,0.7617
-0.8455,-3.6101,0.7625,0.7625
-0.8506,-3.6101,0.7633,0.7633
-0.8556,-3.6100,0.7641,0.7641
-0.8606,-3.6100,0.7650,0.7650
-0.8656,-3.6100,0.7661,0.7661
-0.8706,-3.6099,0.7673,0.7673
-0.8756,-3.6099,0.7684,0.7684
-0.8806,-3.6099,0.7695,0.7695
-0.8856,-3.6099,0.7707,0.7707
-0.8906,-3.6100,0.7718,0.7718
-0.8956,-3.6100,0.7729,0.7729
-0.9006,-3.6100,0.7741,0.7741
-0.9056,-3.6100,0.7752,0.7752
-0.9106,-3.6100,0.7764,0.7764
-0.9156,-3.6100,0.7778,0.7778
-0.9206,-3.6100,0.7793,0.7793
-0.9256,-3.6100,0.7807,0.7807
-0.9306,-3.6100,0.7821,0.7821
-0.9356,-3.6100,0.7836,0.7836
-0.9406,-3.6100,0.7850,0.7850
-0.9456,-3.6100,0.7864,0.7864
-0.9506,-3.6100,0.7879,0.7879
-0.9556,-3.6100,0.7893,0.7893
-0.9606,-3.6100,0.7908,0.7908
-0.9656,-3.6100,0.7923,0.7923
-0.9706,-3.6100,0.7939,0.7939
-0.9756,-3.6100,0.7955,0.7955
-0.9806,-3.6100,0.7970,0.7970
-0.9856,-3.6100,0.7986,0.7986
-0.9906,-3.6100,0.8002,0.8002
-0.9956,-3.6100,0.8017,0.8017
-1.0006,-3.6100,0.8033,0.8033
-1.0056,-3.6100,0.8049,0.8049
-1.0106,-3.6100,0.8063,0.8063
-1.0156,-3.6100,0.8071,0.8071
-1.0206,-3.6100,0.8079,0.8079
-1.0256,-3.6100,0.8086,0.8086
-1.0306,-3.6100,0.8094,0.8094
-1.0356,-3.6100,0.8102,0.8102
-1.0406,-3.6100,0.8110,0.8110
-1.0456,-3.6100,0.8117,0.8117
-1.0506,-3.6100,0.8125,0.8125
-1.0556,-3.6100,0.8133,0.8133
-1.0606,-3.6100,0.8141,0.8141
-1.0656,-3.6100,0.8151,0.8151
-1.0706,-3.6100,0.8162,0.8162
-1.0756,-3.6100,0.8173,0.8173
-1.0806,-3.6100,0.8184,0.8184
-1.0856,-3.6100,0.8194,0.8194
-1.0906,-3.6100,0.8205,0.8205
-1.0957,-3.6100,0.8216,0.8216
-1.1007,-3.6100,0.8226,0.8226
-1.1057,-3.6100,0.8237,0.8237
-1.1107,-3.6100,0.8248,0.8248
-1.1157,-3.6100,0.8262,0.8262
-1.1207,-3.6100,0.8275,0.8275
-1.1257,-3.6100,0.8289,0.8289
-1.1307,-3.6100,0.8302,0.8302
-1.1357,-3.6100,0.8316,0.8316
-1.1407,-3.6100,0.8329,0.8329
-1.1457,-3.6100,0.8343,0.8343
-1.1507,-3.6100,0.8356,0.8356
-1.1557,-3.6100,0.8370,0.8370
-1.1607,-3.6100,0.8382,0.8382
-1.1657,-3.6100,0.8382,0.8382
-1.1707,-3.6100,0.8382,0.8382
-1.1757,-3.6100,0.8382,0.8382
-1.1806,-3.6099,0.8382,0.8382
-1.1856,-3.6099,0.8382,0.8382
-1.1906,-3.6099,0.8382,0.8382
-1.1956,-3.6099,0.8382,0.8382
-1.2007,-3.6100,0.8382,0.8382
-1.2057,-3.6100,0.8382,0.8382
-1.2107,-3.6100,0.8380,0.8380
-1.2157,-3.6100,0.8366,0.8366
-1.2207,-3.6101,0.8353,0.8353
-1.2257,-3.6101,0.8339,0.8339
-1.2308,-3.6102,0.8326,0.8326
-1.2358,-3.6102,0.8312,0.8312
-1.2408,-3.6102,0.8298,0.8298
-1.2458,-3.6102,0.8285,0.8285
-1.2508,-3.6102,0.8271,0.8271
-1.2557,-3.6101,0.8258,0.8258
-1.2607,-3.6100,0.8245,0.8245
-1.2656,-3.6098,0.8234,0.8234
-1.2705,-3.6096,0.8223,0.8223
-1.2755,-3.6095,0.8213,0.8213
-1.2804,-3.6093,0.8202,0.8202
-1.2854,-3.6092,0.8191,0.8191
-1.2903,-3.6091,0.8181,0.8181
-1.2954,-3.6092,0.8170,0.8170
-1.3004,-3.6093,0.8159,0.8159
-1.3055,-3.6096,0.8149,0.8149
-1.3107,-3.6101,0.8138,0.8138
-1.3160,-3.6107,0.8131,0.8131
-1.3213,-3.6114,0.8123,0.8123
-1.3265,-3.6120,0.8115,0.8115
-1.3318,-3.6126,0.8107,0.8107
-1.3370,-3.6131,0.8100,0.8100
-1.3420,-3.6132,0.8092,0.8092
-1.3470,-3.6131,0.8084,0.8084
-1.3517,-3.6125,0.8077,0.8077
-1.3563,-3.6114,0.8069,0.8069
-1.3606,-3.6097,0.8067,0.8067
-1.3646,-3.6074,0.8099,0.8099
-1.3684,-3.6045,0.8131,0.8131
-1.3721,-3.6012,0.8163,0.8163
-1.3755,-3.5975,0.8195,0.8195
-1.3789,-3.5935,0.8227,0.8227
-1.3821,-3.5893,0.8259,0.8259
-1.3854,-3.5850,0.8291,0.8291
-1.3886,-3.5808,0.8323,0.8323
-1.3919,-3.5765,0.8355,0.8355
-1.3952,-3.5725,0.8387,0.8387
-1.3986,-3.5688,0.8419,0.8419
-1.4022,-3.5654,0.8451,0.8451
-1.4060,-3.5624,0.8483,0.8483
-1.4100,-3.5600,0.8515,0.8515
-1.4143,-3.5582,0.8513,0.8513
-1.4188,-3.5570,0.8512,0.8512
-1.4235,-3.5562,0.8510,0.8510
-1.4283,-3.5560,0.8509,0.8509
-1.4334,-3.5561,0.8507,0.8507
-1.4386,-3.5565,0.8506,0.8506
-1.4438,-3.5571,0.8504,0.8504
-1.4492,-3.5580,0.8503,0.8503
-1.4546,-3.5590,0.8501,0.8501
-1.4600,-3.5600,0.8500,0.8500
-1.4655,-3.5610,0.8500,0.8500
-1.4709,-3.5620,0.8500,0.8500
-1.4762,-3.5628,0.8500,0.8500
-1.4815,-3.5635,0.8500,0.8500
-1.4866,-3.5639,0.8500,0.8500
-1.4917,-3.5640,0.8500,0.8500
-1.4966,-3.5637,0.8500,0.8500
-1.5013,-3.5630,0.8500,0.8500
-1.5058,-3.5618,0.8500,0.8500
-1.5100,-3.5600,0.8500,0.8500
-1.5140,-3.5576,0.8526,0.8526
-1.5178,-3.5547,0.8551,0.8551
-1.5215,-3.5514,0.8577,0.8577
-1.5249,-3.5477,0.8602,0.8602
-1.5283,-3.5437,0.8627,0.8627
-1.5316,-3.5395,0.8653,0.8653
-1.5348,-3.5353,0.8678,0.8678
-1.5380,-3.5310,0.8704,0.8704
-1.5413,-3.5269,0.8729,0.8729
-1.5447,-3.5229,0.8755,0.8755
-1.5481,-3.5191,0.8780,0.8780
-1.5517,-3.5157,0.8806,0.8806
-1.5555,-3.5127,0.8831,0.8831
-1.5595,-3.5103,0.8857,0.8857
-1.5637,-3.5084,0.8849,0.8849
-1.5681,-3.5071,0.8836,0.8836
-1.5728,-3.5063,0.8823,0.8823
-1.5777,-3.5060,0.8811,0.8811
-1.5827,-3.5060,0.8798,0.8798
-1.5878,-3.5064,0.8785,0.8785
-1.5931,-3.5070,0.8772,0.8772
-1.5984,-3.5078,0.8759,0.8759
-1.6038,-3.5088,0.8747,0.8747
-1.6093,-3.5099,0.8734,0.8734
-1.6147,-3.5109,0.8716,0.8716
-1.6202,-3.5120,0.8697,0.8697
-1.6255,-3.5129,0.8678,0.8678
-1.6309,-3.5136,0.8659,0.8659
-1.6361,-3.5141,0.8641,0.8641
-1.6411,-3.5143,0.8622,0.8622
-1.6460,-3.5140,0.8603,0.8603
-1.6507,-3.5133,0.8584,0.8584
-1.6552,-3.5121,0.8565,0.8565
-1.6595,-3.5103,0.8546,0.8546
-1.6634,-3.5078,0.8563,0.8563
-1.6672,-3.5047,0.8586,0.8586
-1.6707,-3.5012,0.8608,0.8608
-1.6741,-3.4973,0.8631,0.8631
-1.6774,-3.4931,0.8653,0.8653
-1.6805,-3.4887,0.8675,0.8675
-1.6837,-3.4843,0.8698,0.8698
-1.6869,-3.4799,0.8720,0.8720
-1.6901,-3.4757,0.8742,0.8742
-1.6935,-3.4717,0.8765,0.8765
-1.6970,-3.4681,0.8787,0.8787
-1.7007,-3.4649,0.8809,0.8809
-1.7046,-3.4623,0.8832,0.8832
-1.7088,-3.4604,0.8854,0.8854
-1.7133,-3.4592,0.8851,0.8851
-1.7181,-3.4587,0.8838,0.8838
-1.7232,-3.4588,0.8825,0.8825
-1.7283,-3.4592,0.8812,0.8812
-1.7336,-3.4598,0.8799,0.8799
-1.7389,-3.4605,0.8787,0.8787
-1.7441,-3.4610,0.8774,0.8774
-1.7492,-3.4613,0.8761,0.8761
-1.7541,-3.4611,0.8748,0.8748
-1.7588,-3.4603,0.8736,0.8736
-1.7632,-3.4588,0.8752,0.8752
-1.7672,-3.4566,0.8780,0.8780
-1.7711,-3.4537,0.8808,0.8808
-1.7747,-3.4503,0.8836,0.8836
-1.7781,-3.4465,0.8863,0.8863
-1.7814,-3.4424,0.8891,0.8891
-1.7846,-3.4381,0.8919,0.8919
-1.7878,-3.4337,0.8947,0.8947
-1.7909,-3.4293,0.8974,0.8974
-1.7942,-3.4250,0.9002,0.9002
-1.7975,-3.4209,0.9030,0.9030
-1.8009,-3.4171,0.9057,0.9057
-1.8045,-3.4138,0.9085,0.9085
-1.8084,-3.4110,0.9113,0.9113
-1.8125,-3.4088,0.9118,0.9118
-1.8168,-3.4072,0.9107,0.9107
-1.8214,-3.4062,0.9096,0.9096
-1.8262,-3.4058,0.9084,0.9084
-1.8312,-3.4057,0.9073,0.9073
-1.8363,-3.4060,0.9062,0.9062
-1.8416,-3.4066,0.9051,0.9051
-1.8469,-3.4075,0.9040,0.9040
-1.8523,-3.4085,0.9029,0.9029
-1.8578,-3.4096,0.9018,0.9018
-1.8633,-3.4107,0.9005,0.9005
-1.8687,-3.4117,0.8989,0.8989
-1.8741,-3.4127,0.8974,0.8974
-1.8794,-3.4135,0.8959,0.8959
-1.8847,-3.4140,0.8943,0.8943
-1.8898,-3.4143,0.8928,0.8928
-1.8947,-3.4141,0.8912,0.8912
-1.8995,-3.4136,0.8897,0.8897
-1.9040,-3.4125,0.8882,0.8882
-1.9083,-3.4108,0.8866,0.8866
-1.9124,-3.4086,0.8875,0.8875
-1.9162,-3.4057,0.8901,0.8901
-1.9198,-3.4023,0.8926,0.8926
-1.9232,-3.3985,0.8952,0.8952
-1.9265,-3.3944,0.8977,0.8977
-1.9298,-3.3901,0.9002,0.9002
-1.9330,-3.3857,0.9028,0.9028
-1.9361,-3.3814,0.9053,0.9053
-1.9394,-3.3771,0.9079,0.9079
-1.9427,-3.3730,0.9104,0.9104
-1.9461,-3.3693,0.9130,0.9130
-1.9498,-3.3659,0.9155,0.9155
-1.9536,-3.3631,0.9180,0.9180
-1.9577,-3.3609,0.9206,0.9206
-1.9621,-3.3594,0.9215,0.9215
-1.9667,-3.3586,0.9206,0.9206
-1.9716,-3.3584,0.9196,0.9196
-1.9767,-3.3586,0.9187,0.9187
-1.9819,-3.3590,0.9177,0.9177
-1.9871,-3.3596,0.9167,0.9167
-1.9924,-3.3602,0.9158,0.9158
-1.9976,-3.3606,0.9148,0.9148
-2.0026,-3.3607,0.9139,0.9139
-2.0075,-3.3604,0.9129,0.9129
-2.0121,-3.3595,0.9136,0.9136
-2.0165,-3.3580,0.9162,0.9162
-2.0206,-3.3559,0.9187,0.9187
-2.0245,-3.3533,0.9213,0.9213
-2.0283,-3.3502,0.9239,0.9239
-2.0318,-3.3467,0.9264,0.9264
-2.0353,-3.3430,0.9290,0.9290
-2.0386,-3.3389,0.9316,0.9316
-2.0418,-3.3347,0.9341,0.9341
-2.0450,-3.3304,0.9367,0.9367
-2.0482,-3.3259,0.9393,0.9393
-2.0514,-3.3215,0.9418,0.9418
-2.0545,-3.3171,0.9444,0.9444
-2.0578,-3.3128,0.9469,0.9469
-2.0611,-3.3087,0.9495,0.9495
-2.0645,-3.3048,0.9518,0.9518
-2.0679,-3.3011,0.9542,0.9542
-2.0714,-3.2975,0.9566,0.9566
-2.0750,-3.2940,0.9590,0.9590
-2.0786,-3.2907,0.9614,0.9614
-2.0822,-3.2874,0.9637,0.9637
-2.0859,-3.2841,0.9661,0.9661
-2.0895,-3.2808,0.9685,0.9685
-2.0931,-3.2775,0.9709,0.9709
-2.0967,-3.2741,0.9733,0.9733
-2.1003,-3.2706,0.9756,0.9756
-2.1038,-3.2670,0.9780,0.9780
-2.1072,-3.2632,0.9804,0.9804
-2.1106,-3.2593,0.9827,0.9827
-2.1139,-3.2551,0.9849,0.9849
-2.1171,-3.2508,0.9870,0.9870
-2.1203,-3.2465,0.9891,0.9891
-2.1235,-3.2421,0.9912,0.9912
-2.1267,-3.2377,0.9934,0.9934
-2.1299,-3.2334,0.9955,0.9955
-2.1332,-3.2293,0.9976,0.9976
-2.1366,-3.2254,0.9998,0.9998
-2.1401,-3.2218,1.0019,1.0019
-2.1438,-3.2186,1.0040,1.0040
-2.1476,-3.2157,1.0061,1.0061
-2.1516,-3.2132,1.0083,1.0083
-2.1558,-3.2113,1.0104,1.0104
-2.1602,-3.2100,1.0124,1.0124
-2.1649,-3.2092,1.0107,1.0107
-2.1698,-3.2089,1.0091,1.0091
-2.1748,-3.2091,1.0075,1.0075
-2.1799,-3.2094,1.0059,1.0059
-2.1851,-3.2099,1.0043,1.0043
-2.1903,-3.2104,1.0026,1.0026
-2.1955,-3.2108,1.0010,1.0010
-2.2006,-3.2109,0.9994,0.9994
-2.2055,-3.2107,0.9978,0.9978
-2.2102,-3.2100,0.9964,0.9964
-2.2147,-3.2086,0.9988,0.9988
-2.2190,-3.2068,1.0012,1.0012
-2.2231,-3.2044,1.0037,1.0037
-2.2269,-3.2016,1.0061,1.0061
-2.2307,-3.1983,1.0086,1.0086
-2.2342,-3.1948,1.0110,1.0110
-2.2377,-3.1909,1.0135,1.0135
-2.2410,-3.1868,1.0159,1.0159
-2.2443,-3.1826,1.0183,1.0183
-2.2474,-3.1782,1.0208,1.0208
-2.2505,-3.1737,1.0232,1.0232
-2.2536,-3.1692,1.0257,1.0257
-2.2567,-3.1648,1.0281,1.0281
-2.2597,-3.1604,1.0305,1.0305
-2.2628,-3.1562,1.0332,1.0332
-2.2659,-3.1521,1.0359,1.0359
-2.2690,-3.1481,1.0386,1.0386
-2.2722,-3.1443,1.0413,1.0413
-2.2755,-3.1405,1.0440,1.0440
-2.2788,-3.1369,1.0467,1.0467
-2.2822,-3.1334,1.0494,1.0494
-2.2857,-3.1299,1.0521,1.0521
-2.2893,-3.1266,1.0548,1.0548
-2.2930,-3.1233,1.0575,1.0575
-2.2968,-3.1201,1.0602,1.0602
-2.3007,-3.1169,1.0629,1.0629
-2.3048,-3.1138,1.0656,1.0656
-2.3090,-3.1107,1.0683,1.0683
-2.3134,-3.1077,1.0684,1.0684
-2.3179,-3.1046,1.0677,1.0677
-2.3224,-3.1016,1.0670,1.0670
-2.3269,-3.0985,1.0664,1.0664
-2.3314,-3.0954,1.0657,1.0657
-2.3358,-3.0922,1.0650,1.0650
-2.3400,-3.0889,1.0644,1.0644
-2.3440,-3.0855,1.0637,1.0637
-2.3476,-3.0820,1.0631,1.0631
-2.3510,-3.0783,1.0624,1.0624
-2.3539,-3.0745,1.0617,1.0617
-2.3563,-3.0705,1.0611,1.0611
-2.3583,-3.0662,1.0604,1.0604
-2.3597,-3.0617,1.0597,1.0597
-2.3604,-3.0570,1.0601,1.0601
-2.3606,-3.0520,1.0610,1.0610
-2.3603,-3.0469,1.0620,1.0620
-2.3598,-3.0417,1.0629,1.0629
-2.3592,-3.0365,1.0638,1.0638
-2.3586,-3.0312,1.0648,1.0648
-2.3582,-3.0260,1.0657,1.0657
-2.3581,-3.0210,1.0667,1.0667
-2.3584,-3.0162,1.0676,1.0676
-2.3594,-3.0116,1.0685,1.0685
-2.3612,-3.0073,1.0672,1.0672
-2.3637,-3.0034,1.0645,1.0645
-2.3668,-2.9997,1.0618,1.0618
-2.3705,-2.9962,1.0591,1.0591
-2.3745,-2.9929,1.0564,1.0564
-2.3789,-2.9897,1.0537,1.0537
-2.3833,-2.9865,1.0510,1.0510
-2.3878,-2.9834,1.0483,1.0483
-2.3923,-2.9802,1.0456,1.0456
-2.3965,-2.9770,1.0429,1.0429
-2.4005,-2.9736,1.0402,1.0402
-2.4039,-2.9700,1.0375,1.0375
-2.4069,-2.9663,1.0348,1.0348
-2.4091,-2.9622,1.0321,1.0321
-2.4106,-2.9578,1.0314,1.0314
-2.4113,-2.9531,1.0328,1.0328
-2.4115,-2.9481,1.0341,1.0341
-2.4111,-2.9430,1.0354,1.0354
-2.4106,-2.9378,1.0367,1.0367
-2.4099,-2.9325,1.0381,1.0381
-2.4093,-2.9272,1.0394,1.0394
-2.4089,-2.9221,1.0407,1.0407
-2.4089,-2.9171,1.0420,1.0420
-2.4094,-2.9123,1.0434,1.0434
-2.4107,-2.9078,1.0429,1.0429
-2.4128,-2.9037,1.0407,1.0407
-2.4155,-2.8998,1.0385,1.0385
-2.4188,-2.8962,1.0362,1.0362
-2.4225,-2.8927,1.0340,1.0340
-2.4265,-2.8894,1.0317,1.0317
-2.4308,-2.8861,1.0295,1.0295
-2.4352,-2.8830,1.0273,1.0273
-2.4396,-2.8798,1.0250,1.0250
-2.4440,-2.8766,1.0228,1.0228
-2.4481,-2.8733,1.0206,1.0206
-2.4520,-2.8699,1.0183,1.0183
-2.4555,-2.8663,1.0161,1.0161
-2.4584,-2.8626,1.0139,1.0139
-2.4608,-2.8585,1.0131,1.0131
-2.4624,-2.8542,1.0149,1.0149
-2.4636,-2.8497,1.0167,1.0167
-2.4641,-2.8449,1.0186,1.0186
-2.4643,-2.8400,1.0204,1.0204
-2.4641,-2.8349,1.0223,1.0223
-2.4635,-2.8297,1.0241,1.0241
-2.4627,-2.8243,1.0259,1.0259
-2.4618,-2.8189,1.0278,1.0278
-2.4607,-2.8135,1.0296,1.0296
-2.4596,-2.8081,1.0315,1.0315
-2.4586,-2.8026,1.0335,1.0335
-2.4576,-2.7972,1.0356,1.0356
-2.4568,-2.7919,1.0376,1.0376
-2.4562,-2.7866,1.0397,1.0397
-2.4559,-2.7815,1.0417,1.0417
-2.4560,-2.7765,1.0438,1.0438
-2.4564,-2.7717,1.0458,1.0458
-2.4573,-2.7671,1.0478,1.0478
-2.4588,-2.7627,1.0499,1.0499
-2.4608,-2.7585,1.0506,1.0506
-2.4634,-2.7546,1.0491,1.0491
-2.4666,-2.7509,1.0476,1.0476
-2.4701,-2.7474,1.0461,1.0461
-2.4740,-2.7440,1.0445,1.0445
-2.4781,-2.7407,1.0430,1.0430
-2.4823,-2.7374,1.0415,1.0415
-2.4866,-2.7342,1.0399,1.0399
-2.4909,-2.7310,1.0384,1.0384
-2.4950,-2.7277,1.0369,1.0369
-2.4989,-2.7243,1.0353,1.0353
-2.5025,-2.7208,1.0338,1.0338
-2.5056,-2.7171,1.0323,1.0323
-2.5083,-2.7132,1.0308,1.0308
-2.5104,-2.7091,1.0300,1.0300
-2.5119,-2.7047,1.0322,1.0322
-2.5128,-2.7000,1.0344,1.0344
-2.5132,-2.6952,1.0365,1.0365
-2.5132,-2.6902,1.0387,1.0387
-2.5129,-2.6851,1.0409,1.0409
-2.5124,-2.6799,1.0430,1.0430
-2.5118,-2.6746,1.0452,1.0452
-2.5111,-2.6694,1.0473,1.0473
-2.5104,-2.6641,1.0495,1.0495
-2.5099,-2.6588,1.0512,1.0512
-2.5095,-2.6537,1.0512,1.0512
-2.5093,-2.6486,1.0512,1.0512
-2.5092,-2.6435,1.0512,1.0512
-2.5091,-2.6385,1.0512,1.0512
-2.5092,-2.6336,1.0512,1.0512
-2.5094,-2.6286,1.0512,1.0512
-2.5095,-2.6237,1.0512,1.0512
-2.5097,-2.6188,1.0512,1.0512
-2.5099,-2.6138,1.0512,1.0512
-2.5100,-2.6089,1.0507,1.0507
-2.5101,-2.6039,1.0487,1.0487
-2.5102,-2.5990,1.0467,1.0467
-2.5102,-2.5940,1.0446,1.0446
-2.5102,-2.5890,1.0426,1.0426
-2.5102,-2.5840,1.0405,1.0405
-2.5102,-2.5789,1.0385,1.0385
-2.5101,-2.5739,1.0364,1.0364
-2.5101,-2.5689,1.0344,1.0344
-2.5100,-2.5639,1.0324,1.0324
-2.5100,-2.5589,1.0304,1.0304
-2.5100,-2.5539,1.0285,1.0285
-2.5100,-2.5489,1.0267,1.0267
-2.5100,-2.5439,1.0249,1.0249
-2.5100,-2.5389,1.0230,1.0230
-2.5100,-2.5339,1.0212,1.0212
-2.5100,-2.5289,1.0193,1.0193
-2.5100,-2.5239,1.0175,1.0175
-2.5100,-2.5189,1.0157,1.0157
-2.5100,-2.5139,1.0138,1.0138
-2.5100,-2.5089,1.0121,1.0121
-2.5100,-2.5038,1.0104,1.0104
-2.5099,-2.4988,1.0088,1.0088
-2.5099,-2.4938,1.0072,1.0072
-2.5098,-2.4888,1.0056,1.0056
-2.5098,-2.4838,1.0040,1.0040
-2.5098,-2.4788,1.0023,1.0023
-2.5098,-2.4738,1.0007,1.0007
-2.5098,-2.4688,0.9991,0.9991
-2.5099,-2.4638,0.9975,0.9975
-2.5100,-2.4589,0.9959,0.9959
-2.5102,-2.4539,0.9945,0.9945
-2.5104,-2.4490,0.9931,0.9931
-2.5106,-2.4441,0.9918,0.9918
-2.5107,-2.4392,0.9904,0.9904
-2.5108,-2.4342,0.9890,0.9890
-2.5109,-2.4292,0.9876,0.9876
-2.5108,-2.4242,0.9862,0.9862
-2.5107,-2.4191,0.9848,0.9848
-2.5103,-2.4140,0.9834,0.9834
-2.5099,-2.4088,0.9821,0.9821
-2.5092,-2.4035,0.9809,0.9809
-2.5085,-2.3982,0.9798,0.9798
-2.5079,-2.3930,0.9786,0.9786
-2.5073,-2.3877,0.9775,0.9775
-2.5068,-2.3825,0.9763,0.9763
-2.5067,-2.3775,0.9752,0.9752
-2.5069,-2.3725,0.9740,0.9740
-2.5075,-2.3678,0.9729,0.9729
-2.5087,-2.3633,0.9717,0.9717
-2.5105,-2.3590,0.9715,0.9715
-2.5129,-2.3550,0.9743,0.9743
-2.5158,-2.3513,0.9772,0.9772
-2.5193,-2.3477,0.9801,0.9801
-2.5231,-2.3442,0.9829,0.9829
-2.5271,-2.3409,0.9858,0.9858
-2.5314,-2.3377,0.9886,0.9886
-2.5357,-2.3345,0.9915,0.9915
-2.5400,-2.3312,0.9943,0.9943
-2.5442,-2.3280,0.9972,0.9972
-2.5482,-2.3246,1.0000,1.0000
-2.5519,-2.3212,1.0029,1.0029
-2.5552,-2.3175,1.0057,1.0057
-2.5580,-2.3137,1.0086,1.0086
-2.5602,-2.3096,1.0110,1.0110
-2.5618,-2.3053,1.0096,1.0096
-2.5628,-2.3007,1.0081,1.0081
-2.5633,-2.2959,1.0066,1.0066
-2.5634,-2.2909,1.0051,1.0051
-2.5631,-2.2858,1.0036,1.0036
-2.5626,-2.2806,1.0021,1.0021
-2.5620,-2.2753,1.0006,1.0006
-2.5613,-2.2700,0.9991,0.9991
-2.5606,-2.2648,0.9976,0.9976
-2.5599,-2.2595,0.9961,0.9961
-2.5595,-2.2543,0.9947,0.9947
-2.5592,-2.2492,0.9933,0.9933
-2.5590,-2.2441,0.9919,0.9919
-2.5589,-2.2391,0.9905,0.9905
-2.5590,-2.2341,0.9892,0.9892
-2.5591,-2.2291,0.9878,0.9878
-2.5593,-2.2242,0.9864,0.9864
-2.5595,-2.2193,0.9850,0.9850
-2.5597,-2.2144,0.9836,0.9836
-2.5600,-2.2095,0.9822,0.9822
-2.5603,-2.2046,0.9811,0.9811
-2.5606,-2.1997,0.9799,0.9799
-2.5608,-2.1948,0.9788,0.9788
-2.5610,-2.1899,0.9776,0.9776
-2.5611,-2.1849,0.9765,0.9765
-2.5611,-2.1799,0.9753,0.9753
-2.5610,-2.1749,0.9742,0.9742
-2.5608,-2.1698,0.9730,0.9730
-2.5604,-2.1647,0.9719,0.9719
-2.5599,-2.1595,0.9707,0.9707
-2.5593,-2.1542,0.9698,0.9698
-2.5586,-2.1489,0.9689,0.9689
-2.5578,-2.1436,0.9680,0.9680
-2.5572,-2.1384,0.9671,0.9671
-2.5568,-2.1332,0.9662,0.9662
-2.5566,-2.1281,0.9653,0.9653
-2.5567,-2.1232,0.9644,0.9644
-2.5573,-2.1184,0.9635,0.9635
-2.5585,-2.1139,0.9626,0.9626
-2.5602,-2.1096,0.9621,0.9621
-2.5626,-2.1055,0.9651,0.9651
-2.5656,-2.1017,0.9682,0.9682
-2.5690,-2.0981,0.9713,0.9713
-2.5728,-2.0946,0.9743,0.9743
-2.5769,-2.0913,0.9774,0.9774
-2.5812,-2.0880,0.9804,0.9804
-2.5855,-2.0848,0.9835,0.9835
-2.5899,-2.0815,0.9865,0.9865
-2.5941,-2.0783,0.9896,0.9896
-2.5981,-2.0749,0.9926,0.9926
-2.6018,-2.0715,0.9957,0.9957
-2.6050,-2.0679,0.9988,0.9988
-2.6078,-2.0641,1.0018,1.0018
-2.6099,-2.0602,1.0049,1.0049
-2.6114,-2.0559,1.0046,1.0046
-2.6123,-2.0514,1.0043,1.0043
-2.6126,-2.0467,1.0039,1.0039
-2.6126,-2.0419,1.0035,1.0035
-2.6122,-2.0368,1.0031,1.0031
-2.6117,-2.0317,1.0028,1.0028
-2.6111,-2.0264,1.0024,1.0024
-2.6106,-2.0210,1.0020,1.0020
-2.6102,-2.0156,1.0016,1.0016
-2.6100,-2.0102,1.0013,1.0013
-2.6102,-2.0048,1.0011,1.0011
-2.6106,-1.9993,1.0010,1.0010
-2.6111,-1.9940,1.0009,1.0009
-2.6117,-1.9887,1.0008,1.0008
-2.6122,-1.9835,1.0006,1.0006
-2.6126,-1.9785,1.0005,1.0005
-2.6126,-1.9736,1.0004,1.0004
-2.6123,-1.9689,1.0003,1.0003
-2.6115,-1.9644,1.0001,1.0001
-2.6101,-1.9601,1.0000,1.0000
-2.6080,-1.9561,0.9966,0.9966
-2.6052,-1.9523,0.9930,0.9930
-2.6020,-1.9487,0.9895,0.9895
-2.5983,-1.9453,0.9860,0.9860
-2.5943,-1.9420,0.9824,0.9824
-2.5901,-1.9387,0.9789,0.9789
-2.5858,-1.9355,0.9754,0.9754
-2.5814,-1.9322,0.9718,0.9718
-2.5772,-1.9290,0.9683,0.9683
-2.5731,-1.9256,0.9648,0.9648
-2.5692,-1.9222,0.9612,0.9612
-2.5658,-1.9186,0.9577,0.9577
-2.5628,-1.9148,0.9541,0.9541
-2.5604,-1.9107,0.9506,0.9506
-2.5586,-1.9064,0.9500,0.9500
-2.5574,-1.9019,0.9500,0.9500
-2.5568,-1.8971,0.9500,0.9500
-2.5566,-1.8922,0.9500,0.9500
-2.5568,-1.8871,0.9500,0.9500
-2.5572,-1.8820,0.9500,0.9500
-2.5578,-1.8767,0.9500,0.9500
-2.5586,-1.8714,0.9500,0.9500
-2.5593,-1.8661,0.9500,0.9500
-2.5599,-1.8609,0.9500,0.9500
-2.5604,-1.8557,0.9500,0.9500
-2.5607,-1.8506,0.9500,0.9500
-2.5609,-1.8455,0.9500,0.9500
-2.5609,-1.8405,0.9500,0.9500
-2.5609,-1.8355,0.9500,0.9500
-2.5608,-1.8305,0.9500,0.9500
-2.5606,-1.8256,0.9500,0.9500
-2.5604,-1.8207,0.9500,0.9500
-2.5602,-1.8158,0.9500,0.9500
-2.5600,-1.8108,0.9500,0.9500
-2.5599,-1.8059,0.9500,0.9500
-2.5598,-1.8009,0.9500,0.9500
-2.5597,-1.7959,0.9500,0.9500
-2.5597,-1.7909,0.9500,0.9500
-2.5597,-1.7859,0.9500,0.9500
-2.5597,-1.7809,0.9500,0.9500
-2.5598,-1.7759,0.9500,0.9500
-2.5598,-1.7709,0.9500,0.9500
-2.5599,-1.7659,0.9500,0.9500
-2.5600,-1.7608,0.9500,0.9500
-2.5601,-1.7558,0.9500,0.9500
-2.5601,-1.7508,0.9500,0.9500
-2.5602,-1.7457,0.9500,0.9500
-2.5602,-1.7407,0.9500,0.9500
-2.5603,-1.7357,0.9500,0.9500
-2.5603,-1.7307,0.9500,0.9500
-2.5603,-1.7257,0.9500,0.9500
-2.5602,-1.7207,0.9500,0.9500
-2.5601,-1.7158,0.9500,0.9500
-2.5600,-1.7108,0.9500,0.9500
-2.5599,-1.7059,0.9501,0.9501
-2.5597,-1.7010,0.9502,0.9502
-2.5595,-1.6960,0.9504,0.9504
-2.5593,-1.6911,0.9505,0.9505
-2.5592,-1.6862,0.9506,0.9506
-2.5591,-1.6812,0.9508,0.9508
-2.5591,-1.6762,0.9509,0.9509
-2.5592,-1.6711,0.9510,0.9510
-2.5595,-1.6660,0.9512,0.9512
-2.5599,-1.6608,0.9513,0.9513
-2.5605,-1.6556,0.9516,0.9516
-2.5612,-1.6503,0.9520,0.9520
-2.5619,-1.6450,0.9524,0.9524
-2.5625,-1.6398,0.9528,0.9528
-2.5630,-1.6345,0.9532,0.9532
-2.5633,-1.6294,0.9536,0.9536
-2.5632,-1.6245,0.9540,0.9540
-2.5628,-1.6196,0.9544,0.9544
-2.5618,-1.6150,0.9548,0.9548
-2.5603,-1.6107,0.9552,0.9552
-2.5581,-1.6066,0.9527,0.9527
-2.5554,-1.6027,0.9497,0.9497
-2.5521,-1.5991,0.9466,0.9466
-2.5484,-1.5956,0.9436,0.9436
-2.5445,-1.5922,0.9406,0.9406
-2.5403,-1.5890,0.9376,0.9376
-2.5360,-1.5857,0.9345,0.9345
-2.5317,-1.5825,0.9315,0.9315
-2.5274,-1.5793,0.9285,0.9285
-2.5233,-1.5760,0.9254,0.9254
-2.5195,-1.5726,0.9224,0.9224
-2.5161,-1.5690,0.9194,0.9194
-2.5131,-1.5652,0.9163,0.9163
-2.5106,-1.5612,0.9133,0.9133
-2.5088,-1.5570,0.9131,0.9131
-2.5076,-1.5525,0.9140,0.9140
-2.5069,-1.5478,0.9150,0.9150
-2.5067,-1.5429,0.9159,0.9159
-2.5068,-1.5378,0.9169,0.9169
-2.5072,-1.5326,0.9179,0.9179
-2.5078,-1.5274,0.9188,0.9188
-2.5085,-1.5221,0.9198,0.9198
-2.5092,-1.5168,0.9207,0.9207
-2.5098,-1.5115,0.9217,0.9217
-2.5103,-1.5063,0.9228,0.9228
-2.5106,-1.5012,0.9240,0.9240
-2.5108,-1.4962,0.9252,0.9252
-2.5108,-1.4911,0.9264,0.9264
-2.5108,-1.4861,0.9277,0.9277
-2.5107,-1.4812,0.9289,0.9289
-2.5105,-1.4763,0.9301,0.9301
-2.5103,-1.4713,0.9313,0.9313
-2.5102,-1.4664,0.9325,0.9325
-2.5100,-1.4615,0.9337,0.9337
-2.5099,-1.4565,0.9351,0.9351
-2.5099,-1.4515,0.9366,0.9366
-2.5099,-1.4465,0.9380,0.9380
-2.5099,-1.4415,0.9395,0.9395
-2.5100,-1.4365,0.9410,0.9410
-2.5100,-1.4315,0.9424,0.9424
-2.5101,-1.4264,0.9439,0.9439
-2.5101,-1.4214,0.9453,0.9453
-2.5101,-1.4164,0.9468,0.9468
-2.5100,-1.4114,0.9483,0.9483
-2.5099,-1.4065,0.9491,0.9491
-2.5098,-1.4016,0.9498,0.9498
-2.5096,-1.3966,0.9505,0.9505
-2.5094,-1.3917,0.9511,0.9511
-2.5093,-1.3868,0.9518,0.9518
-2.5092,-1.3818,0.9524,0.9524
-2.5092,-1.3768,0.9531,0.9531
-2.5093,-1.3718,0.9537,0.9537
-2.5095,-1.3667,0.9544,0.9544
-2.5099,-1.3615,0.9551,0.9551
-2.5104,-1.3563,0.9557,0.9557
-2.5111,-1.3510,0.9564,0.9564
-2.5118,-1.3457,0.9570,0.9570
-2.5124,-1.3404,0.9577,0.9577
-2.5130,-1.3352,0.9583,0.9583
-2.5133,-1.3301,0.9590,0.9590
-2.5133,-1.3251,0.9596,0.9596
-2.5129,-1.3203,0.9603,0.9603
-2.5120,-1.3156,0.9609,0.9609
-2.5105,-1.3112,0.9616,0.9616
-2.5084,-1.3071,0.9598,0.9598
-2.5057,-1.3032,0.9569,0.9569
-2.5025,-1.2995,0.9541,0.9541
-2.4989,-1.2960,0.9513,0.9513
-2.4949,-1.2927,0.9485,0.9485
-2.4908,-1.2894,0.9457,0.9457
-2.4865,-1.2862,0.9429,0.9429
-2.4821,-1.2830,0.9401,0.9401
-2.4779,-1.2797,0.9372,0.9372
-2.4738,-1.2764,0.9344,0.9344
-2.4699,-1.2730,0.9316,0.9316
-2.4664,-1.2695,0.9288,0.9288
-2.4634,-1.2657,0.9260,0.9260
-2.4609,-1.2618,0.9232,0.9232
-2.4590,-1.2575,0.9226,0.9226
-2.4578,-1.2530,0.9239,0.9239
-2.4571,-1.2483,0.9251,0.9251
-2.4569,-1.2434,0.9263,0.9263
-2.4570,-1.2384,0.9275,0.9275
-2.4574,-1.2332,0.9287,0.9287
-2.4580,-1.2280,0.9299,0.9299
-2.4586,-1.2227,0.9311,0.9311
-2.4593,-1.2174,0.9323,0.9323
-2.4598,-1.2122,0.9336,0.9336
-2.4602,-1.2070,0.9349,0.9349
-2.4604,-1.2020,0.9364,0.9364
-2.4604,-1.1970,0.9378,0.9378
-2.4603,-1.1920,0.9393,0.9393
-2.4601,-1.1871,0.9408,0.9408
-2.4599,-1.1822,0.9422,0.9422
-2.4597,-1.1772,0.9437,0.9437
-2.4597,-1.1723,0.9451,0.9451
-2.4597,-1.1673,0.9466,0.9466
-2.4599,-1.1622,0.9481,0.9481
-2.4602,-1.1570,0.9497,0.9497
-2.4608,-1.1518,0.9514,0.9514
-2.4615,-1.1465,0.9531,0.9531
-2.4621,-1.1412,0.9548,0.9548
-2.4626,-1.1360,0.9565,0.9565
-2.4630,-1.1309,0.9582,0.9582
-2.4631,-1.1258,0.9599,0.9599
-2.4628,-1.1210,0.9615,0.9615
-2.4620,-1.1163,0.9632,0.9632
-2.4607,-1.1118,0.9649,0.9649
-2.4588,-1.1076,0.9646,0.9646
-2.4563,-1.1037,0.9627,0.9627
-2.4532,-1.0999,0.9609,0.9609
-2.4497,-1.0964,0.9590,0.9590
-2.4458,-1.0930,0.9572,0.9572
-2.4417,-1.0897,0.9553,0.9553
-2.4375,-1.0864,0.9534,0.9534
-2.4332,-1.0832,0.9516,0.9516
-2.4289,-1.0800,0.9497,0.9497
-2.4247,-1.0767,0.9479,0.9479
-2.4208,-1.0733,0.9460,0.9460
-2.4172,-1.0698,0.9442,0.9442
-2.4140,-1.0662,0.9423,0.9423
-2.4113,-1.0623,0.9405,0.9405
-2.4091,-1.0582,0.9404,0.9404
-2.4076,-1.0538,0.9426,0.9426
-2.4067,-1.0492,0.9449,0.9449
-2.4062,-1.0444,0.9471,0.9471
-2.4061,-1.0394,0.9493,0.9493
-2.4064,-1.0343,0.9516,0.9516
-2.4069,-1.0291,0.9538,0.9538
-2.4077,-1.0238,0.9560,0.9560
-2.4085,-1.0184,0.9583,0.9583
-2.4095,-1.0130,0.9605,0.9605
-2.4104,-1.0076,0.9628,0.9628
-2.4113,-1.0023,0.9653,0.9653
-2.4120,-0.9969,0.9677,0.9677
-2.4126,-0.9917,0.9702,0.9702
-2.4131,-0.9865,0.9726,0.9726
-2.4133,-0.9814,0.9750,0.9750
-2.4132,-0.9765,0.9775,0.9775
-2.4128,-0.9716,0.9799,0.9799
-2.4120,-0.9670,0.9824,0.9824
-2.4108,-0.9624,0.9848,0.9848
-2.4092,-0.9581,0.9857,0.9857
-2.4072,-0.9539,0.9846,0.9846
-2.4047,-0.9500,0.9835,0.9835
-2.4019,-0.9461,0.9824,0.9824
-2.3988,-0.9424,0.9813,0.9813
-2.3953,-0.9389,0.9803,0.9803
-2.3917,-0.9354,0.9792,0.9792
-2.3878,-0.9320,0.9781,0.9781
-2.3838,-0.9286,0.9770,0.9770
-2.3797,-0.9253,0.9759,0.9759
-2.3755,-0.9221,0.9748,0.9748
-2.3712,-0.9188,0.9737,0.9737
-2.3670,-0.9156,0.9727,0.9727
-2.3628,-0.9123,0.9716,0.9716
-2.3588,-0.9090,0.9706,0.9706
-2.3548,-0.9056,0.9699,0.9699
-2.3510,-0.9022,0.9691,0.9691
-2.3472,-0.8987,0.9684,0.9684
-2.3436,-0.8953,0.9677,0.9677
-2.3400,-0.8917,0.9669,0.9669
-2.3365,-0.8882,0.9662,0.9662
-2.3331,-0.8846,0.9655,0.9655
-2.3296,-0.8810,0.9647,0.9647
-2.3263,-0.8774,0.9640,0.9640
-2.3229,-0.8738,0.9633,0.9633
-2.3196,-0.8702,0.9625,0.9625
-2.3162,-0.8666,0.9618,0.9618
-2.3128,-0.8630,0.9611,0.9611
-2.3094,-0.8594,0.9603,0.9603
-2.3060,-0.8558,0.9591,0.9591
-2.3026,-0.8523,0.9579,0.9579
-2.2991,-0.8487,0.9566,0.9566
-2.2956,-0.8452,0.9554,0.9554
-2.2920,-0.8417,0.9542,0.9542
-2.2885,-0.8382,0.9530,0.9530
-2.2849,-0.8346,0.9518,0.9518
-2.2813,-0.8311,0.9506,0.9506
-2.2778,-0.8276,0.9494,0.9494
-2.2742,-0.8241,0.9482,0.9482
-2.2706,-0.8206,0.9470,0.9470
-2.2670,-0.8170,0.9458,0.9458
-2.2635,-0.8135,0.9446,0.9446
-2.2599,-0.8099,0.9434,0.9434
-2.2564,-0.8063,0.9424,0.9424
-2.2528,-0.8027,0.9415,0.9415
-2.2493,-0.7991,0.9405,0.9405
-2.2458,-0.7955,0.9396,0.9396
-2.2423,-0.7920,0.9387,0.9387
-2.2388,-0.7884,0.9377,0.9377
-2.2352,-0.7848,0.9368,0.9368
-2.2317,-0.7812,0.9358,0.9358
-2.2282,-0.7777,0.9349,0.9349
-2.2247,-0.7742,0.9339,0.9339
-2.2211,-0.7707,0.9330,0.9330
-2.2176,-0.7672,0.9320,0.9320
-2.2140,-0.7638,0.9311,0.9311
-2.2104,-0.7604,0.9302,0.9302
-2.2068,-0.7570,0.9294,0.9294
-2.2032,-0.7537,0.9286,0.9286
-2.1995,-0.7504,0.9278,0.9278
-2.1959,-0.7471,0.9271,0.9271
-2.1923,-0.7438,0.9263,0.9263
-2.1887,-0.7405,0.9256,0.9256
-2.1851,-0.7371,0.9248,0.9248
-2.1815,-0.7337,0.9240,0.9240
-2.1779,-0.7302,0.9233,0.9233
-2.1744,-0.7266,0.9225,0.9225
-2.1709,-0.7229,0.9217,0.9217
-2.1675,-0.7191,0.9210,0.9210
-2.1641,-0.7151,0.9202,0.9202
-2.1608,-0.7111,0.9194,0.9194
-2.1576,-0.7068,0.9175,0.9175
-2.1544,-0.7024,0.9151,0.9151
-2.1512,-0.6980,0.9128,0.9128
-2.1481,-0.6936,0.9104,0.9104
-2.1449,-0.6891,0.9081,0.9081
-2.1417,-0.6848,0.9057,0.9057
-2.1384,-0.6807,0.9034,0.9034
-2.1350,-0.6767,0.9010,0.9010
-2.1316,-0.6730,0.8987,0.8987
-2.1280,-0.6697,0.8963,0.8963
-2.1242,-0.6667,0.8940,0.8940
-2.1203,-0.6641,0.8916,0.8916
-2.1161,-0.6620,0.8893,0.8893
-2.1118,-0.6604,0.8869,0.8869
-2.1072,-0.6595,0.8869,0.8869
-2.1023,-0.6591,0.8885,0.8885
-2.0974,-0.6590,0.8900,0.8900
-2.0922,-0.6593,0.8916,0.8916
-2.0870,-0.6598,0.8931,0.8931
-2.0818,-0.6603,0.8946,0.8946
-2.0767,-0.6607,0.8962,0.8962
-2.0716,-0.6610,0.8977,0.8977
-2.0666,-0.6609,0.8992,0.8992
-2.0618,-0.6603,0.9008,0.9008
-2.0572,-0.6593,0.9002,0.9002
-2.0529,-0.6576,0.8982,0.8982
-2.0488,-0.6554,0.8962,0.8962
-2.0449,-0.6528,0.8942,0.8942
-2.0412,-0.6497,0.8922,0.8922
-2.0376,-0.6463,0.8902,0.8902
-2.0342,-0.6425,0.8882,0.8882
-2.0308,-0.6385,0.8862,0.8862
-2.0276,-0.6343,0.8842,0.8842
-2.0244,-0.6300,0.8822,0.8822
-2.0212,-0.6256,0.8802,0.8802
-2.0180,-0.6211,0.8783,0.8783
-2.0149,-0.6167,0.8763,0.8763
-2.0117,-0.6123,0.8743,0.8743
-2.0085,-0.6080,0.8720,0.8720
-2.0052,-0.6039,0.8696,0.8696
-2.0018,-0.5999,0.8671,0.8671
-1.9984,-0.5961,0.8646,0.8646
-1.9950,-0.5923,0.8621,0.8621
-1.9915,-0.5887,0.8596,0.8596
-1.9879,-0.5852,0.8572,0.8572
-1.9843,-0.5817,0.8547,0.8547
-1.9807,-0.5783,0.8522,0.8522
-1.9771,-0.5750,0.8497,0.8497
-1.9735,-0.5717,0.8472,0.8472
-1.9698,-0.5685,0.8448,0.8448
-1.9661,-0.5653,0.8423,0.8423
-1.9625,-0.5621,0.8398,0.8398
-1.9588,-0.5589,0.8374,0.8374
-1.9551,-0.5558,0.8351,0.8351
-1.9514,-0.5526,0.8329,0.8329
-1.9478,-0.5493,0.8306,0.8306
-1.9441,-0.5461,0.8284,0.8284
-1.9405,-0.5428,0.8261,0.8261
-1.9369,-0.5394,0.8239,0.8239
-1.9333,-0.5360,0.8216,0.8216
-1.9297,-0.5325,0.8193,0.8193
-1.9262,-0.5289,0.8171,0.8171
-1.9228,-0.5252,0.8148,0.8148
-1.9193,-0.5214,0.8126,0.8126
-1.9160,-0.5174,0.8103,0.8103
-1.9126,-0.5134,0.8080,0.8080
-1.9094,-0.5092,0.8057,0.8057
-1.9062,-0.5048,0.8027,0.8027
-1.9030,-0.5004,0.7998,0.7998
-1.8998,-0.4960,0.7969,0.7969
-1.8967,-0.4915,0.7940,0.7940
-1.8935,-0.4872,0.7910,0.7910
-1.8902,-0.4829,0.7881,0.7881
-1.8869,-0.4789,0.7852,0.7852
-1.8835,-0.4751,0.7823,0.7823
-1.8800,-0.4715,0.7793,0.7793
-1.8763,-0.4683,0.7764,0.7764
-1.8725,-0.4655,0.7735,0.7735
-1.8684,-0.4631,0.7705,0.7705
-1.8642,-0.4613,0.7676,0.7676
-1.8598,-0.4599,0.7649,0.7649
-1.8551,-0.4592,0.7660,0.7660
-1.8502,-0.4589,0.7672,0.7672
-1.8451,-0.4590,0.7683,0.7683
-1.8400,-0.4593,0.7695,0.7695
-1.8348,-0.4598,0.7706,0.7706
-1.8296,-0.4603,0.7717,0.7717
-1.8245,-0.4606,0.7729,0.7729
-1.8194,-0.4608,0.7740,0.7740
-1.8145,-0.4606,0.7751,0.7751
-1.8097,-0.4600,0.7761,0.7761
-1.8052,-0.4588,0.7738,0.7738
-1.8009,-0.4571,0.7714,0.7714
-1.7968,-0.4549,0.7691,0.7691
-1.7929,-0.4523,0.7668,0.7668
-1.7892,-0.4493,0.7644,0.7644
-1.7856,-0.4459,0.7621,0.7621
-1.7821,-0.4422,0.7598,0.7598
-1.7787,-0.4382,0.7575,0.7575
-1.7755,-0.4339,0.7551,0.7551
-1.7723,-0.4295,0.7528,0.7528
-1.7693,-0.4249,0.7505,0.7505
-1.7662,-0.4201,0.7482,0.7482
-1.7632,-0.4153,0.7458,0.7458
-1.7602,-0.4104,0.7435,0.7435
-1.7573,-0.4055,0.7415,0.7415
-1.7543,-0.4006,0.7396,0.7396
-1.7513,-0.3958,0.7376,0.7376
-1.7482,-0.3912,0.7357,0.7357
-1.7451,-0.3866,0.7338,0.7338
-1.7419,-0.3823,0.7318,0.7318
-1.7386,-0.3782,0.7299,0.7299
-1.7351,-0.3744,0.7280,0.7280
-1.7316,-0.3710,0.7260,0.7260
-1.7278,-0.3679,0.7241,0.7241
-1.7239,-0.3652,0.7221,0.7221
-1.7199,-0.3630,0.7202,0.7202
-1.7156,-0.3613,0.7183,0.7183
-1.7110,-0.3602,0.7163,0.7163
-1.7063,-0.3596,0.7168,0.7168
-1.7013,-0.3595,0.7180,0.7180
-1.6962,-0.3598,0.7193,0.7193
-1.6910,-0.3603,0.7205,0.7205
-1.6857,-0.3609,0.7217,0.7217
-1.6805,-0.3614,0.7229,0.7229
-1.6754,-0.3617,0.7241,0.7241
-1.6704,-0.3618,0.7253,0.7253
-1.6655,-0.3613,0.7265,0.7265
-1.6610,-0.3603,0.7277,0.7277
-1.6567,-0.3586,0.7263,0.7263
-1.6527,-0.3562,0.7240,0.7240
-1.6489,-0.3532,0.7218,0.7218
-1.6454,-0.3497,0.7196,0.7196
-1.6420,-0.3459,0.7173,0.7173
-1.6387,-0.3417,0.7151,0.7151
-1.6354,-0.3374,0.7129,0.7129
-1.6323,-0.3331,0.7106,0.7106
-1.6291,-0.3287,0.7084,0.7084
-1.6258,-0.3245,0.7062,0.7062
-1.6225,-0.3205,0.7039,0.7039
-1.6190,-0.3168,0.7017,0.7017
-1.6153,-0.3136,0.6995,0.6995
-1.6115,-0.3108,0.6972,0.6972
-1.6073,-0.3087,0.6971,0.6971
-1.6029,-0.3072,0.6982,0.6982
-1.5983,-0.3063,0.6992,0.6992
-1.5935,-0.3059,0.7003,0.7003
-1.5885,-0.3058,0.7014,0.7014
-1.5834,-0.3062,0.7024,0.7024
-1.5781,-0.3068,0.7035,0.7035
-1.5728,-0.3076,0.7046,0.7046
-1.5674,-0.3086,0.7057,0.7057
-1.5619,-0.3096,0.7067,0.7067
-1.5565,-0.3107,0.7077,0.7077
-1.5511,-0.3117,0.7085,0.7085
-1.5457,-0.3126,0.7094,0.7094
-1.5404,-0.3133,0.7103,0.7103
-1.5352,-0.3138,0.7112,0.7112
-1.5301,-0.3140,0.7121,0.7121
-1.5252,-0.3139,0.7129,0.7129
-1.5204,-0.3133,0.7138,0.7138
-1.5158,-0.3123,0.7147,0.7147
-1.5115,-0.3107,0.7156,0.7156
-1.5074,-0.3085,0.7143,0.7143
-1.5035,-0.3058,0.7117,0.7117
-1.4998,-0.3026,0.7092,0.7092
-1.4963,-0.2990,0.7067,0.7067
-1.4929,-0.2951,0.7041,0.7041
-1.4896,-0.2910,0.7016,0.7016
-1.4864,-0.2868,0.6991,0.6991
-1.4831,-0.2825,0.6965,0.6965
-1.4799,-0.2783,0.6940,0.6940
-1.4766,-0.2743,0.6915,0.6915
-1.4732,-0.2704,0.6889,0.6889
-1.4696,-0.2669,0.6864,0.6864
-1.4659,-0.2637,0.6839,0.6839
-1.4620,-0.2611,0.6813,0.6813
-1.4579,-0.2590,0.6809,0.6809
-1.4535,-0.2575,0.6825,0.6825
-1.4489,-0.2566,0.6842,0.6842
-1.4441,-0.2561,0.6858,0.6858
-1.4391,-0.2560,0.6874,0.6874
-1.4340,-0.2563,0.6891,0.6891
-1.4288,-0.2568,0.6907,0.6907
-1.4235,-0.2576,0.6923,0.6923
-1.4181,-0.2585,0.6940,0.6940
-1.4127,-0.2595,0.6956,0.6956
-1.4072,-0.2605,0.6963,0.6963
-1.4018,-0.2615,0.6961,0.6961
-1.3964,-0.2625,0.6960,0.6960
-1.3911,-0.2632,0.6958,0.6958
-1.3859,-0.2638,0.6956,0.6956
-1.3808,-0.2640,0.6954,0.6954
-1.3758,-0.2640,0.6952,0.6952
-1.3710,-0.2635,0.6951,0.6951
-1.3664,-0.2625,0.6949,0.6949
-1.3621,-0.2610,0.6947,0.6947
-1.3579,-0.2588,0.6941,0.6941
-1.3541,-0.2561,0.6931,0.6931
-1.3504,-0.2529,0.6920,0.6920
-1.3469,-0.2493,0.6910,0.6910
-1.3435,-0.2454,0.6900,0.6900
-1.3402,-0.2412,0.6890,0.6890
-1.3370,-0.2370,0.6879,0.6879
-1.3338,-0.2327,0.6869,0.6869
-1.3305,-0.2284,0.6859,0.6859
-1.3272,-0.2243,0.6848,0.6848
-1.3238,-0.2205,0.6838,0.6838
-1.3203,-0.2170,0.6828,0.6828
-1.3165,-0.2139,0.6818,0.6818
-1.3126,-0.2113,0.6807,0.6807
-1.3084,-0.2094,0.6806,0.6806
-1.3040,-0.2080,0.6821,0.6821
-1.2993,-0.2073,0.6835,0.6835
-1.2944,-0.2070,0.6850,0.6850
-1.2894,-0.2070,0.6864,0.6864
-1.2842,-0.2074,0.6879,0.6879
-1.2790,-0.2079,0.6893,0.6893
-1.2738,-0.2085,0.6908,0.6908
-1.2685,-0.2092,0.6923,0.6923
-1.2633,-0.2097,0.6937,0.6937
-1.2581,-0.2101,0.6937,0.6937
-1.2530,-0.2103,0.6914,0.6914
-1.2480,-0.2104,0.6890,0.6890
-1.2430,-0.2103,0.6866,0.6866
-1.2381,-0.2101,0.6842,0.6842
-1.2332,-0.2099,0.6818,0.6818
-1.2282,-0.2098,0.6795,0.6795
-1.2233,-0.2097,0.6771,0.6771
-1.2183,-0.2097,0.6747,0.6747
-1.2132,-0.2098,0.6723,0.6723
-1.2081,-0.2102,0.6700,0.6700
-1.2028,-0.2107,0.6680,0.6680
-1.1976,-0.2113,0.6659,0.6659
-1.1923,-0.2120,0.6638,0.6638
-1.1871,-0.2125,0.6617,0.6617
-1.1819,-0.2129,0.6596,0.6596
-1.1769,-0.2131,0.6575,0.6575
-1.1719,-0.2129,0.6555,0.6555
-1.1672,-0.2122,0.6534,0.6534
-1.1627,-0.2110,0.6513,0.6513
-1.1584,-0.2093,0.6505,0.6505
-1.1544,-0.2068,0.6517,0.6517
-1.1507,-0.2039,0.6529,0.6529
-1.1471,-0.2005,0.6541,0.6541
-1.1436,-0.1967,0.6553,0.6553
-1.1403,-0.1926,0.6565,0.6565
-1.1370,-0.1884,0.6577,0.6577
-1.1338,-0.1841,0.6589,0.6589
-1.1306,-0.1798,0.6601,0.6601
-1.1273,-0.1757,0.6613,0.6613
-1.1240,-0.1717,0.6625,0.6625
-1.1205,-0.1680,0.6637,0.6637
-1.1169,-0.1646,0.6650,0.6650
-1.1131,-0.1618,0.6662,0.6662
-1.1090,-0.1595,0.6671,0.6671
-1.1047,-0.1578,0.6671,0.6671
-1.1002,-0.1567,0.6671,0.6671
-1.0954,-0.1561,0.6671,0.6671
-1.0905,-0.1559,0.6671,0.6671
-1.0854,-0.1561,0.6671,0.6671
-1.0802,-0.1566,0.6671,0.6671
-1.0749,-0.1573,0.6671,0.6671
-1.0696,-0.1582,0.6671,0.6671
-1.0641,-0.1592,0.6671,0.6671
-1.0587,-0.1603,0.6667,0.6667
-1.0533,-0.1613,0.6650,0.6650
-1.0479,-0.1622,0.6633,0.6633
-1.0425,-0.1631,0.6615,0.6615
-1.0373,-0.1637,0.6598,0.6598
-1.0321,-0.1640,0.6581,0.6581
-1.0271,-0.1640,0.6564,0.6564
-1.0223,-0.1636,0.6547,0.6547
-1.0176,-0.1628,0.6530,0.6530
-1.0132,-0.1614,0.6513,0.6513
-1.0090,-0.1595,0.6500,0.6500
-1.0051,-0.1569,0.6500,0.6500
-1.0013,-0.1538,0.6500,0.6500
-0.9978,-0.1504,0.6500,0.6500
-0.9944,-0.1465,0.6500,0.6500
-0.9911,-0.1424,0.6500,0.6500
-0.9878,-0.1382,0.6500,0.6500
-0.9846,-0.1339,0.6500,0.6500
-0.9814,-0.1296,0.6500,0.6500
-0.9781,-0.1255,0.6500,0.6500
-0.9747,-0.1216,0.6500,0.6500
-0.9712,-0.1179,0.6500,0.6500
-0.9675,-0.1147,0.6500,0.6500
-0.9637,-0.1120,0.6500,0.6500
-0.9596,-0.1098,0.6500,0.6500
-0.9552,-0.1083,0.6502,0.6502
-0.9506,-0.1073,0.6504,0.6504
-0.9458,-0.1068,0.6506,0.6506
-0.9408,-0.1068,0.6508,0.6508
-0.9357,-0.1070,0.6510,0.6510
-0.9305,-0.1075,0.6512,0.6512
-0.9253,-0.1081,0.6514,0.6514
-0.9200,-0.1088,0.6516,0.6516
-0.9147,-0.1095,0.6517,0.6517
-0.9095,-0.1101,0.6520,0.6520
-0.9043,-0.1105,0.6526,0.6526
-0.8992,-0.1107,0.6531,0.6531
-0.8941,-0.1108,0.6537,0.6537
-0.8891,-0.1109,0.6543,0.6543
-0.8841,-0.1108,0.6548,0.6548
-0.8792,-0.1107,0.6554,0.6554
-0.8743,-0.1105,0.6560,0.6560
-0.8693,-0.1103,0.6566,0.6566
-0.8644,-0.1101,0.6571,0.6571
-0.8595,-0.1100,0.6576,0.6576
-0.8545,-0.1099,0.6570,0.6570
-0.8495,-0.1098,0.6564,0.6564
-0.8446,-0.1098,0.6559,0.6559
-0.8396,-0.1098,0.6553,0.6553
-0.8346,-0.1098,0.6547,0.6547
-0.8295,-0.1098,0.6541,0.6541
-0.8245,-0.1099,0.6536,0.6536
-0.8195,-0.1099,0.6530,0.6530
-0.8145,-0.1100,0.6524,0.6524
-0.8095,-0.1100,0.6519,0.6519
-0.8044,-0.1100,0.6517,0.6517
-0.7994,-0.1101,0.6515,0.6515
-0.7944,-0.1101,0.6513,0.6513
-0.7894,-0.1101,0.6511,0.6511
-0.7844,-0.1101,0.6509,0.6509
-0.7794,-0.1100,0.6507,0.6507
-0.7744,-0.1100,0.6506,0.6506
-0.7694,-0.1100,0.6504,0.6504
-0.7644,-0.1100,0.6502,0.6502
-0.7594,-0.1100,0.6498,0.6498
-0.7545,-0.1100,0.6481,0.6481
-0.7495,-0.1100,0.6463,0.6463
-0.7445,-0.1100,0.6445,0.6445
-0.7395,-0.1100,0.6428,0.6428
-0.7344,-0.1100,0.6410,0.6410
-0.7294,-0.1100,0.6393,0.6393
-0.7244,-0.1100,0.6375,0.6375
-0.7194,-0.1100,0.6358,0.6358
-0.7144,-0.1100,0.6340,0.6340
-0.7094,-0.1100,0.6323,0.6323
-0.7044,-0.1100,0.6309,0.6309
-0.6994,-0.1100,0.6295,0.6295
-0.6944,-0.1100,0.6281,0.6281
-0.6894,-0.1100,0.6267,0.6267
-0.6844,-0.1100,0.6253,0.6253
-0.6794,-0.1100,0.6239,0.6239
-0.6744,-0.1100,0.6225,0.6225
-0.6694,-0.1100,0.6211,0.6211
-0.6644,-0.1100,0.6197,0.6197
-0.6594,-0.1100,0.6183,0.6183
-0.6544,-0.1100,0.6173,0.6173
-0.6494,-0.1100,0.6163,0.6163
-0.6444,-0.1100,0.6153,0.6153
-0.6394,-0.1100,0.6143,0.6143
-0.6344,-0.1100,0.6133,0.6133
-0.6294,-0.1100,0.6122,0.6122
-0.6244,-0.1100,0.6112,0.6112
-0.6194,-0.1100,0.6102,0.6102
-0.6144,-0.1100,0.6092,0.6092
-0.6094,-0.1100,0.6082,0.6082
-0.6044,-0.1100,0.6076,0.6076
-0.5994,-0.1100,0.6070,0.6070
-0.5944,-0.1100,0.6063,0.6063
-0.5894,-0.1099,0.6057,0.6057
-0.5844,-0.1099,0.6051,0.6051
-0.5794,-0.1099,0.6045,0.6045
-0.5744,-0.1099,0.6039,0.6039
-0.5694,-0.1100,0.6032,0.6032
-0.5644,-0.1100,0.6026,0.6026
-0.5594,-0.1100,0.6021,0.6021
-0.5544,-0.1100,0.6018,0.6018
-0.5494,-0.1101,0.6016,0.6016
-0.5443,-0.1101,0.6014,0.6014
-0.5393,-0.1102,0.6012,0.6012
-0.5343,-0.1102,0.6010,0.6010
-0.5293,-0.1102,0.6008,0.6008
-0.5243,-0.1102,0.6006,0.6006
-0.5193,-0.1102,0.6004,0.6004
-0.5144,-0.1101,0.6002,0.6002
-0.5094,-0.1100,0.6000,0.6000
-0.5045,-0.1098,0.6000,0.6000
-0.4995,-0.1096,0.6000,0.6000
-0.4946,-0.1094,0.6000,0.6000
-0.4897,-0.1093,0.6000,0.6000
-0.4847,-0.1092,0.6000,0.6000
-0.4798,-0.1091,0.6000,0.6000
-0.4747,-0.1092,0.6000,0.6000
-0.4697,-0.1093,0.6000,0.6000
-0.4645,-0.1096,0.6000,0.6000
-0.4594,-0.1101,0.6000,0.6000
-0.4541,-0.1107,0.6000,0.6000
-0.4488,-0.1114,0.6000,0.6000
-0.4435,-0.1121,0.6000,0.6000
-0.4383,-0.1127,0.6000,0.6000
-0.4331,-0.1131,0.6000,0.6000
-0.4280,-0.1133,0.6000,0.6000
-0.4231,-0.1131,0.6000,0.6000
-0.4183,-0.1126,0.6000,0.6000
-0.4138,-0.1115,0.6000,0.6000
-0.4095,-0.1098,0.6004,0.6004
-0.4054,-0.1074,0.6040,0.6040
-0.4017,-0.1045,0.6075,0.6075
-0.3981,-0.1011,0.6110,0.6110
-0.3946,-0.0973,0.6146,0.6146
-0.3913,-0.0933,0.6181,0.6181
-0.3880,-0.0891,0.6217,0.6217
-0.3848,-0.0848,0.6252,0.6252
-0.3816,-0.0804,0.6287,0.6287
-0.3784,-0.0762,0.6323,0.6323
-0.3750,-0.0722,0.6358,0.6358
-0.3716,-0.0685,0.6393,0.6393
-0.3679,-0.0652,0.6429,0.6429
-0.3641,-0.0623,0.6464,0.6464
-0.3601,-0.0600,0.6499,0.6499
-0.3557,-0.0584,0.6500,0.6500
-0.3512,-0.0574,0.6500,0.6500
-0.3464,-0.0568,0.6500,0.6500
-0.3414,-0.0567,0.6500,0.6500
-0.3363,-0.0569,0.6500,0.6500
-0.3312,-0.0574,0.6500,0.6500
-0.3259,-0.0580,0.6500,0.6500
-0.3206,-0.0587,0.6500,0.6500
-0.3153,-0.0594,0.6500,0.6500
-0.3101,-0.0600,0.6500,0.6500
-0.3049,-0.0604,0.6500,0.6500
-0.2998,-0.0607,0.6500,0.6500
-0.2947,-0.0609,0.6500,0.6500
-0.2897,-0.0609,0.6500,0.6500
-0.2847,-0.0608,0.6500,0.6500
-0.2798,-0.0607,0.6500,0.6500
-0.2748,-0.0605,0.6500,0.6500
-0.2699,-0.0603,0.6500,0.6500
-0.2650,-0.0602,0.6500,0.6500
-0.2601,-0.0600,0.6500,0.6500
-0.2551,-0.0599,0.6500,0.6500
-0.2501,-0.0598,0.6500,0.6500
-0.2451,-0.0598,0.6500,0.6500
-0.2401,-0.0598,0.6500,0.6500
-0.2351,-0.0598,0.6500,0.6500
-0.2301,-0.0598,0.6500,0.6500
-0.2251,-0.0599,0.6500,0.6500
-0.2201,-0.0599,0.6500,0.6500
-0.2151,-0.0600,0.6500,0.6500
-0.2100,-0.0600,0.6500,0.6500
-0.2050,-0.0600,0.6500,0.6500
-0.2000,-0.0601,0.6500,0.6500
-0.1950,-0.0601,0.6500,0.6500
-0.1900,-0.0601,0.6500,0.6500
-0.1850,-0.0601,0.6500,0.6500
-0.1800,-0.0601,0.6500,0.6500
-0.1750,-0.0600,0.6500,0.6500
-0.1700,-0.0600,0.6500,0.6500
-0.1650,-0.0600,0.6500,0.6500
-0.1600,-0.0600,0.6500,0.6500
-0.1550,-0.0600,0.6500,0.6500
-0.1500,-0.0600,0.6500,0.6500
-0.1450,-0.0600,0.6500,0.6500
-0.1400,-0.0600,0.6500,0.6500
-0.1350,-0.0600,0.6500,0.6500
-0.1300,-0.0600,0.6500,0.6500
-0.1250,-0.0600,0.6500,0.6500
-0.1200,-0.0600,0.6500,0.6500
-0.1150,-0.0600,0.6500,0.6500
-0.1100,-0.0600,0.6500,0.6500
-0.1050,-0.0600,0.6500,0.6500
-0.1000,-0.0600,0.6500,0.6500
-0.0950,-0.0600,0.6500,0.6500
-0.0900,-0.0600,0.6500,0.6500
-0.0850,-0.0600,0.6500,0.6500
-0.0800,-0.0600,0.6500,0.6500
-0.0750,-0.0600,0.6500,0.6500
-0.0700,-0.0600,0.6500,0.6500
-0.0650,-0.0600,0.6500,0.6500
-0.0600,-0.0600,0.6500,0.6500
-0.0550,-0.0600,0.6500,0.6500
-0.0500,-0.0600,0.6500,0.6500
-0.0450,-0.0600,0.6500,0.6500
-0.0400,-0.0600,0.6500,0.6500
-0.0350,-0.0600,0.6500,0.6500
-0.0300,-0.0600,0.6500,0.6500
-0.0250,-0.0600,0.6500,0.6500
-0.0200,-0.0600,0.6500,0.6500
-0.0150,-0.0600,0.6500,0.6500
-0.0100,-0.0600,0.6500,0.6500
